Abbreviation/Acronym,Franchise
ATL,Atlanta Hawks
NJN,New Jersey Nets
BKN,Brooklyn Nets
BOS,Boston Celtics
CHA,Charlotte Hornets
CHA,Charlotte Bobcats
CHI,Chicago Bulls
CLE,Cleveland Cavaliers
DAL,Dallas Mavericks
DEN,Denver Nuggets
DET,Detroit Pistons
GSW,Golden State Warriors
HOU,Houston Rockets
IND,Indiana Pacers
LAC,Los Angeles Clippers
LAL,Los Angeles Lakers
MEM,Memphis Grizzlies
MIA,Miami Heat
MIL,Milwaukee Bucks
MIN,Minnesota Timberwolves
NOH,New Orleans/Oklahoma City Hornets
NOH,New Orleans Hornets
NOP,New Orleans Pelicans
NYK,New York Knicks
SEA,Seattle SuperSonics
OKC,Oklahoma City Thunder
ORL,Orlando Magic
PHI,Philadelphia 76ers
PHX,Phoenix Suns
POR,Portland Trail Blazers
SAC,Sacramento Kings
SAS,San Antonio Spurs
TOR,Toronto Raptors
UTA,Utah Jazz
WAS,Washington Wizards
