,Unnamed: 0,TEAM,AWAY,GAMEDAY_FMT,SEASON_FMT,AWAYSCORE,HOMESCORE,HOMEWIN,,HOME_OFFRTG,AWAY_OFFRTG,HOME_DEFRTG,AWAY_DEFRTG,HOME_AST%,AWAY_AST%,HOME_AST/TO,AWAY_AST/TO,HOME_AST RATIO,AWAY_AST RATIO,HOME_OREB%,AWAY_OREB%,HOME_DREB%,AWAY_DREB%,HOME_REB%,AWAY_REB%,HOME_TO RATIO,AWAY_TO RATIO,HOME_EFG%,AWAY_EFG%,HOME_TS%,AWAY_TS%,HOME_PACE,AWAY_PACE,HOME_PIE,AWAY_PIE
0,1319,OKC,MIN,2008-11-02,2008,85,88,1,0,0.0,4.5612,0.0,6.948900000000000,0.0,0.0,0.0,0.0,0.0,0.0,0.0,0.9954000000000000,0.0,4.7250000000000000,0.0,2.4381000000000000,0.0,0.006300000000000000,0.0,2.1924,0.0,2.3751,0.0,6.125490000000000,0.0,0.2709
1,1323,OKC,GSW,2008-12-08,2008,112,102,0,1,0.0,12.7,0.0,6.840000000000000,0.0,6.32,0.0,0.3,0.0,2.1800000000000000,0.0,3.16,0.0,8.75,0.0,6.280000000000000,0.0,0.01,0.0,5.95,0.0,5.990000000000000,0.0,11.088,0.0,7.72
2,0.0,OKC,MEM,2008-12-10,2008.0,108.0,102.0,0.0,2,0.0,3.796875,0.0,5.676562500000000,0.0,3.9046875000000000,0.0,0.07828125,0.0,0.9000000000000000,0.0,0.46875,0.0,4.0171875,0.0,1.9312500000000000,0.0,0.004687500000000000,0.0,1.875,0.0,2.203125,0.0,4.9214062500000000,0.0,1.359375
3,1.0,OKC,NYK,2009-01-06,2008.0,99.0,107.0,1.0,3,0.0,18.083333333333300,0.0,21.395833333333300,0.0,12.145833333333300,0.0,0.36458333333333300,0.0,3.0416666666666700,0.0,2.8333333333333300,0.0,13.583333333333300,0.0,8.333333333333330,0.0,0.020833333333333300,0.0,8.458333333333330,0.0,9.4375,0.0,18.345833333333300,0.0,7.458333333333330
4,2.0,OKC,MIL,2008-10-29,2008.0,98.0,87.0,0.0,4,0.0,20.745,0.0,24.705,0.0,12.51,0.0,0.5625,0.0,3.2625,0.0,5.805000000000000,0.0,13.8375,0.0,9.4725,0.0,0.022500000000000000,0.0,8.6625,0.0,9.675,0.0,22.49325,0.0,9.0
5,3.0,OKC,IND,2009-04-05,2008.0,117.0,99.0,0.0,5,0.0,9.389387755102040,0.0,11.439183673469400,0.0,7.714285714285710,0.0,0.11020408163265300,0.0,1.9285714285714300,0.0,4.727755102040820,0.0,10.105714285714300,0.0,7.207346938775510,0.0,0.03306122448979590,0.0,4.826938775510200,0.0,5.091428571428570,0.0,11.244122448979600,0.0,4.342040816326530
6,4.0,OKC,TOR,2008-12-19,2008.0,83.0,91.0,1.0,6,0.0,12.317684210526300,0.0,13.140947368421100,0.0,7.815789473684210,0.0,0.2344736842105260,0.0,2.678210526315790,0.0,4.1684210526315800,0.0,10.421052631578900,0.0,6.742421052631580,0.0,0.020842105263157900,0.0,6.158842105263160,0.0,6.158842105263160,0.0,9.989621052631580,0.0,4.376842105263160
7,5.0,OKC,DEN,2009-01-02,2008.0,122.0,120.0,0.0,7,0.0,10.262686567164200,0.0,7.889552238805970,0.0,5.820895522388060,0.0,0.14597014925373100,0.0,2.077611940298510,0.0,1.4955223880597000,0.0,5.641791044776120,0.0,4.361194029850750,0.0,0.01791044776119400,0.0,5.740298507462690,0.0,6.0,0.0,9.994029850746270,0.0,6.7343283582089600
8,6.0,OKC,CHI,2009-03-18,2008.0,103.0,96.0,0.0,8,0.0,21.35,0.0,12.90625,0.0,9.114583333333330,0.0,0.36458333333333300,0.0,3.1645833333333300,0.0,10.602083333333300,0.0,9.727083333333340,0.0,10.15,0.0,0.014583333333333300,0.0,9.989583333333330,0.0,10.091666666666700,0.0,13.756458333333300,0.0,12.760416666666700
9,7.0,OKC,SAC,2009-02-08,2008.0,113.0,116.0,1.0,9,0.0,11.144041450777200,0.0,9.342487046632130,0.0,7.3834196891191700,0.0,0.19689119170984500,0.0,2.146113989637310,0.0,2.7367875647668400,0.0,7.767357512953370,0.0,5.325906735751300,0.0,0.019689119170984500,0.0,5.217616580310880,0.0,5.729533678756480,0.0,9.627979274611400,0.0,6.044559585492230
10,8.0,OKC,SAS,2009-03-16,2008.0,76.0,78.0,1.0,10,0.0,24.48775510204080,0.0,19.102040816326500,0.0,16.873469387755100,0.0,0.37142857142857100,0.0,5.014285714285710,0.0,8.83469387755102,0.0,22.736734693877600,0.0,16.316326530612200,0.0,0.05306122448979590,0.0,12.681632653061200,0.0,13.079591836734700,0.0,25.206734693877600,0.0,18.99591836734690
11,9.0,OKC,CLE,2008-12-21,2008.0,102.0,91.0,0.0,11,0.0,19.118279569892500,0.0,10.75268817204300,0.0,5.860215053763440,0.0,0.0,0.0,2.150537634408600,0.0,5.860215053763440,0.0,3.5806451612903200,0.0,5.064516129032260,0.0,0.0,0.0,6.602150537634410,0.0,7.10752688172043,0.0,8.841935483870970,0.0,7.344086021505380
12,10.0,OKC,DET,2009-01-16,2008.0,79.0,89.0,1.0,12,0.0,25.05340206185570,0.0,18.5019587628866,0.0,14.852783505154600,0.0,0.3798556701030930,0.0,4.950927835051550,0.0,7.853195876288660,0.0,16.218556701030900,0.0,12.612061855670100,0.0,0.04268041237113400,0.0,12.761443298969100,0.0,13.209587628866000,0.0,20.653051546391800,0.0,14.596701030927800
13,11.0,OKC,UTA,2009-01-14,2008.0,93.0,114.0,1.0,13,0.0,10.1203125,0.0,8.854166666666670,0.0,5.595833333333330,0.0,0.17708333333333300,0.0,1.9302083333333300,0.0,4.427083333333330,0.0,8.854166666666670,0.0,6.127083333333330,0.0,0.017708333333333300,0.0,4.8078125,0.0,4.931770833333330,0.0,8.780677083333330,0.0,4.675
14,12.0,OKC,MIA,2009-01-18,2008.0,104.0,94.0,0.0,14,0.0,17.17171717171720,0.0,19.48989898989900,0.0,12.586868686868700,0.0,0.31424242424242400,0.0,3.7777777777777800,0.0,3.228282828282830,0.0,12.878787878787900,0.0,7.366666666666670,0.0,0.03434343434343430,0.0,9.152525252525250,0.0,9.598989898989900,0.0,17.456767676767700,0.0,6.765656565656570
15,13.0,NJN,OKC,2009-01-12,2008.0,99.0,103.0,1.0,15,22.59375,0.0,18.24375,0.0,15.787500000000000,0.0,0.500625,0.0,5.175000000000000,0.0,5.00625,0.0,11.25,0.0,8.568750000000000,0.0,0.037500000000000000,0.0,12.506250000000000,0.0,12.056250000000000,0.0,18.53625,0.0,12.337500000000000,0.0
16,14.0,OKC,NJN,2009-01-26,2008.0,85.0,94.0,1.0,16,0.0,9.594375,0.0,6.0571875,0.0,4.377187500000000,0.0,0.39375,0.0,1.96875,0.0,2.1853125,0.0,6.5625,0.0,4.921875,0.0,0.006562500000000000,0.0,5.197500000000000,0.0,4.843125000000000,0.0,6.0965625,0.0,4.843125000000000
17,15.0,CHI,OKC,2009-01-10,2008.0,109.0,98.0,0.0,17,19.541250000000000,0.0,15.103125,0.0,10.665000000000000,0.0,0.3375,0.0,3.5606250000000000,0.0,6.952500000000000,0.0,14.630625000000000,0.0,10.546875,0.0,0.03375000000000000,0.0,9.3825,0.0,9.838125,0.0,17.1315,0.0,10.580625000000000,0.0
18,16.0,NOH,OKC,2008-11-22,2008.0,97.0,109.0,1.0,18,15.330000000000000,0.0,12.495,0.0,7.140000000000000,0.0,0.375,0.0,2.625,0.0,1.365,0.0,9.105,0.0,5.7,0.0,0.015,0.0,7.860000000000000,0.0,7.965,0.0,13.822500000000000,0.0,8.1,0.0
19,17.0,NYK,OKC,2008-11-14,2008.0,106.0,116.0,1.0,19,11.6015625,0.0,13.8628125,0.0,2.4131250000000000,0.0,0.16875,0.0,0.7340625,0.0,5.2734375,0.0,3.375,0.0,4.539375,0.0,0.008437500000000000,0.0,3.9403125000000000,0.0,4.6743750000000000,0.0,6.68840625,0.0,3.88125,0.0
20,18.0,OKC,ORL,2008-11-12,2008.0,109.0,92.0,0.0,20,0.0,7.59483870967742,0.0,9.383225806451610,0.0,6.967741935483870,0.0,0.08709677419354840,0.0,1.056774193548390,0.0,2.5780645161290300,0.0,9.034838709677420,0.0,5.806451612903230,0.0,0.023225806451612900,0.0,2.903225806451610,0.0,3.79741935483871,0.0,12.281806451612900,0.0,4.087741935483870
21,19.0,OKC,ATL,2008-11-09,2008.0,89.0,85.0,0.0,21,0.0,19.864077669902900,0.0,17.55728155339810,0.0,11.299029126213600,0.0,0.3203883495145630,0.0,3.438834951456310,0.0,4.634951456310680,0.0,15.122330097087400,0.0,9.996116504854370,0.0,0.021359223300970900,0.0,9.80388349514563,0.0,10.423300970873800,0.0,20.395922330097100,0.0,12.687378640776700
22,20.0,OKC,BOS,2008-11-05,2008.0,96.0,83.0,0.0,22,0.0,20.881855670103100,0.0,16.5340206185567,0.0,13.615051546391800,0.0,1.0206185567010300,0.0,3.2455670103092800,0.0,6.3890721649484500,0.0,16.86061855670100,0.0,10.757319587628900,0.0,0.0,0.0,8.307835051546390,0.0,8.981443298969070,0.0,19.08556701030930,0.0,10.961443298969100
23,21.0,OKC,HOU,2008-11-17,2008.0,100.0,89.0,0.0,23,0.0,11.031578947368400,0.0,6.677894736842110,0.0,4.488421052631580,0.0,0.22484210526315800,0.0,1.5326315789473700,0.0,3.6884210526315800,0.0,4.631578947368420,0.0,4.2105263157894700,0.0,0.008421052631578950,0.0,4.7915789473684200,0.0,4.917894736842110,0.0,7.228631578947370,0.0,6.9389473684210500
24,22.0,OKC,PHI,2009-03-08,2008.0,74.0,89.0,1.0,24,0.0,20.07090909090910,0.0,17.73909090909090,0.0,9.137272727272730,0.0,0.5181818181818180,0.0,3.1781818181818200,0.0,2.729090909090910,0.0,12.194545454545500,0.0,7.202727272727270,0.0,0.017272727272727300,0.0,9.724545454545460,0.0,9.620909090909090,0.0,15.923727272727300,0.0,9.171818181818180
25,23.0,OKC,LAC,2008-11-19,2008.0,108.0,88.0,0.0,25,0.0,10.565357142857100,0.0,13.777714285714300,0.0,9.77142857142857,0.0,0.13924285714285700,0.0,2.039785714285710,0.0,2.039785714285710,0.0,8.146928571428570,0.0,5.093357142857140,0.0,0.024428571428571400,0.0,4.8002142857142900,0.0,6.033857142857140,0.0,11.735485714285700,0.0,4.421571428571430
26,24.0,OKC,POR,2009-02-06,2008.0,93.0,102.0,1.0,26,0.0,2.593264248704660,0.0,5.955958549222800,0.0,1.8979274611399000,0.0,0.01139896373057000,0.0,0.22797927461139900,0.0,0.8150259067357510,0.0,4.1435233160621800,0.0,2.2797927461139900,0.0,0.01139896373057000,0.0,1.0031088082901600,0.0,1.521761658031090,0.0,5.326165803108810,0.0,-3.1917098445595900
27,25.0,OKC,PHX,2008-11-25,2008.0,99.0,98.0,0.0,27,0.0,7.5717277486911000,0.0,6.838743455497380,0.0,3.664921465968590,0.0,0.06303664921465970,0.0,1.1287958115183200,0.0,2.001047120418850,0.0,5.863874345549740,0.0,3.840837696335080,0.0,0.014659685863874300,0.0,4.30261780104712,0.0,4.35392670157068,0.0,7.71392670157068,0.0,3.9727748691099500
28,26.0,OKC,LAL,2009-02-24,2008.0,107.0,93.0,0.0,28,0.0,14.070918367346900,0.0,16.704591836734700,0.0,7.072448979591840,0.0,0.32551020408163300,0.0,1.98265306122449,0.0,4.113265306122450,0.0,11.096938775510200,0.0,7.161224489795920,0.0,0.01479591836734690,0.0,6.243877551020410,0.0,6.732142857142860,0.0,15.038571428571400,0.0,5.119387755102040
29,27.0,OKC,WAS,2009-03-04,2008.0,83.0,88.0,1.0,29,0.0,23.618947368421100,0.0,29.995789473684200,0.0,17.105263157894700,0.0,0.3913684210526320,0.0,4.214736842105260,0.0,4.050526315789470,0.0,15.627368421052600,0.0,9.962105263157900,0.0,0.027368421052631600,0.0,10.810526315789500,0.0,12.589473684210500,0.0,25.92063157894740,0.0,10.04421052631580
30,28.0,OKC,DAL,2009-03-02,2008.0,87.0,96.0,1.0,30,0.0,4.2625,0.0,4.54375,0.0,3.125,0.0,0.0625,0.0,0.625,0.0,1.95625,0.0,5.20625,0.0,3.35,0.0,0.00625,0.0,1.84375,0.0,2.05,0.0,5.714375,0.0,2.74375
31,29.0,OKC,NOH,2008-11-21,2008.0,105.0,80.0,0.0,31,0.0,25.78125,0.0,20.955,0.0,11.776875,0.0,0.6868125000000000,0.0,4.29,0.0,7.074375000000000,0.0,12.375,0.0,9.714375,0.0,0.020625,0.0,11.983125,0.0,11.983125,0.0,19.4844375,0.0,12.66375
32,30.0,OKC,CHA,2009-04-10,2008.0,81.0,84.0,1.0,32,0.0,35.525000000000000,0.0,28.558695652173900,0.0,18.377173913043500,0.0,0.6304347826086960,0.0,6.052173913043480,0.0,6.304347826086960,0.0,20.331521739130400,0.0,14.058695652173900,0.0,0.03152173913043480,0.0,18.440217391304300,0.0,19.16521739130440,0.0,27.85576086956520,0.0,20.016304347826100
33,31.0,LAC,OKC,2009-01-23,2008.0,104.0,107.0,1.0,33,8.476071428571430,0.0,7.887857142857140,0.0,5.785714285714290,0.0,0.5785714285714290,0.0,1.35,0.0,1.6778571428571400,0.0,7.4539285714285700,0.0,4.503214285714290,0.0,0.0,0.0,3.1628571428571400,0.0,3.886071428571430,0.0,10.115357142857100,0.0,5.226428571428570,0.0
34,32.0,LAL,OKC,2009-02-10,2008.0,98.0,105.0,1.0,34,10.659693877551000,0.0,7.65,0.0,6.635204081632650,0.0,0.28188775510204100,0.0,2.09030612244898,0.0,3.252551020408160,0.0,5.611734693877550,0.0,4.466836734693880,0.0,0.008673469387755100,0.0,5.013265306122450,0.0,5.316836734693880,0.0,8.549438775510200,0.0,6.140816326530610,0.0
35,33.0,GSW,OKC,2009-01-21,2008.0,122.0,121.0,0.0,35,6.041666666666670,0.0,8.208333333333330,0.0,4.340277777777780,0.0,0.049305555555555600,0.0,1.1180555555555600,0.0,2.0833333333333300,0.0,5.784722222222220,0.0,3.4722222222222200,0.0,0.020833333333333300,0.0,3.6666666666666700,0.0,3.680555555555560,0.0,7.894444444444450,0.0,2.111111111111110,0.0
36,34.0,HOU,OKC,2008-11-01,2008.0,77.0,89.0,1.0,36,10.522105263157900,0.0,7.891578947368420,0.0,5.967894736842110,0.0,0.14942105263157900,0.0,1.8610526315789500,0.0,2.979473684210530,0.0,6.227368421052630,0.0,5.1089473684210500,0.0,0.017894736842105300,0.0,5.30578947368421,0.0,5.780000000000000,0.0,8.547421052631580,0.0,6.406315789473680,0.0
37,35.0,DET,OKC,2008-12-26,2008.0,88.0,90.0,1.0,37,10.30618556701030,0.0,16.87319587628870,0.0,10.051546391752600,0.0,0.20103092783505200,0.0,2.291752577319590,0.0,2.5195876288659800,0.0,8.376288659793820,0.0,4.462886597938140,0.0,0.026804123711340200,0.0,5.025773195876290,0.0,5.387628865979380,0.0,12.722577319587600,0.0,2.3319587628866000,0.0
38,36.0,IND,OKC,2008-11-10,2008.0,99.0,107.0,1.0,38,20.79183673469390,0.0,22.33469387755100,0.0,13.114285714285700,0.0,0.45918367346938800,0.0,3.2877551020408200,0.0,6.685714285714290,0.0,14.43673469387760,0.0,9.69795918367347,0.0,0.018367346938775500,0.0,8.155102040816330,0.0,9.569387755102040,0.0,18.367346938775500,0.0,9.0,0.0
39,37.0,MIN,OKC,2009-01-07,2008.0,87.0,129.0,1.0,39,3.5046,0.0,4.356,0.0,3.3016500000000000,0.0,0.01782,0.0,0.6583500000000000,0.0,1.4157000000000000,0.0,3.3016500000000000,0.0,2.69775,0.0,0.02475,0.0,2.475,0.0,2.8512000000000000,0.0,5.244525,0.0,1.6731000000000000,0.0
40,38.0,MIL,OKC,2009-04-11,2008.0,98.0,115.0,1.0,40,24.993750000000000,0.0,17.4375,0.0,16.200000000000000,0.0,0.890625,0.0,5.56875,0.0,3.3000000000000000,0.0,14.0625,0.0,9.1125,0.0,0.018750000000000000,0.0,11.90625,0.0,12.543750000000000,0.0,20.769375,0.0,12.618750000000000,0.0
41,39.0,CLE,OKC,2008-11-26,2008.0,82.0,117.0,1.0,41,13.290322580645200,0.0,10.903225806451600,0.0,9.403225806451610,0.0,0.282258064516129,0.0,2.5161290322580600,0.0,3.403225806451610,0.0,13.43548387096770,0.0,8.29032258064516,0.0,0.016129032258064500,0.0,6.500000000000000,0.0,6.887096774193550,0.0,17.032258064516100,0.0,9.387096774193550,0.0
42,40.0,DAL,OKC,2008-12-13,2008.0,99.0,103.0,1.0,42,4.233854166666670,0.0,4.95,0.0,4.909895833333330,0.0,0.0,0.0,1.1458333333333300,0.0,0.44114583333333300,0.0,4.3828125,0.0,2.6755208333333300,0.0,0.0,0.0,2.005208333333330,0.0,2.240104166666670,0.0,5.3882812500000000,0.0,3.4375,0.0
43,41.0,MEM,OKC,2008-11-29,2008.0,111.0,103.0,0.0,43,10.9425,0.0,7.305000000000000,0.0,6.4275,0.0,0.3375,0.0,2.3250000000000000,0.0,1.5,0.0,4.74,0.0,3.3075,0.0,0.0075,0.0,5.295,0.0,5.4,0.0,8.21475,0.0,5.1,0.0
44,42.0,DEN,OKC,2009-03-11,2008.0,99.0,112.0,1.0,44,15.432835820895500,0.0,8.935323383084580,0.0,6.039800995024880,0.0,0.4228855721393040,0.0,2.447761194029850,0.0,3.3134328358209000,0.0,7.3731343283582100,0.0,6.119402985074630,0.0,0.009950248756218910,0.0,7.273631840796020,0.0,7.701492537313430,0.0,11.998009950248800,0.0,7.980099502487560,0.0
45,43.0,MIA,OKC,2008-12-06,2008.0,99.0,105.0,1.0,45,10.45,0.0,12.73,0.0,4.0,0.0,0.20000000000000000,0.0,1.3800000000000000,0.0,2.31,0.0,7.780000000000000,0.0,4.55,0.0,0.01,0.0,4.77,0.0,4.93,0.0,9.704,0.0,4.2300000000000000,0.0
46,44.0,SAC,OKC,2009-02-01,2008.0,118.0,122.0,1.0,46,5.8196891191709800,0.0,4.029015544041450,0.0,4.196891191709840,0.0,0.06715025906735750,0.0,0.9568911917098450,0.0,1.8634196891191700,0.0,3.049740932642490,0.0,2.43419689119171,0.0,0.011191709844559600,0.0,2.7979274611399000,0.0,3.24559585492228,0.0,5.6115233160621800,0.0,5.349637305699480,0.0
47,45.0,POR,OKC,2009-02-11,2008.0,92.0,106.0,1.0,47,4.560621761658030,0.0,3.525388601036270,0.0,3.3575129533678800,0.0,0.11191709844559600,0.0,0.8002072538860100,0.0,2.2887046632124400,0.0,5.1985492227979300,0.0,3.4190673575129500,0.0,0.005595854922279790,0.0,1.9585492227979300,0.0,1.9361658031088100,0.0,5.848787564766840,0.0,3.374300518134720,0.0
48,46.0,BOS,OKC,2009-03-29,2008.0,84.0,103.0,1.0,48,17.103092783505200,0.0,14.952577319587600,0.0,8.241237113402060,0.0,0.5773195876288660,0.0,3.045360824742270,0.0,3.0886597938144300,0.0,8.65979381443299,0.0,5.975257731958760,0.0,0.014432989690721600,0.0,7.750515463917530,0.0,8.024742268041240,0.0,13.543917525773200,0.0,8.154639175257730,0.0
49,47.0,PHX,OKC,2009-02-20,2008.0,118.0,140.0,1.0,49,6.596858638743460,0.0,8.11413612565445,0.0,4.661780104712040,0.0,0.12827225130890100,0.0,1.1947643979057600,0.0,2.8513089005235600,0.0,4.632460732984290,0.0,3.767539267015710,0.0,0.007329842931937170,0.0,3.144502617801050,0.0,3.232460732984290,0.0,7.219162303664920,0.0,3.4523560209424100,0.0
50,48.0,CHA,OKC,2008-12-03,2008.0,97.0,103.0,1.0,50,12.63326086956520,0.0,7.952282608695650,0.0,4.896195652173910,0.0,0.2690217391304350,0.0,1.6786956521739100,0.0,3.583369565217390,0.0,7.930760869565220,0.0,6.252065217391310,0.0,0.010760869565217400,0.0,5.89695652173913,0.0,6.036847826086960,0.0,10.98254347826090,0.0,9.179021739130430,0.0
51,49.0,ATL,OKC,2008-12-23,2008.0,88.0,99.0,1.0,51,20.306796116504900,0.0,15.36116504854370,0.0,9.314563106796120,0.0,0.34951456310679600,0.0,2.533980582524270,0.0,8.318446601941750,0.0,13.106796116504900,0.0,10.660194174757300,0.0,0.017475728155339800,0.0,8.248543689320390,0.0,9.192233009708740,0.0,14.462912621359200,0.0,13.29902912621360,0.0
52,50.0,WAS,OKC,2008-12-27,2008.0,95.0,104.0,1.0,52,27.73894736842110,0.0,22.686315789473700,0.0,12.631578947368400,0.0,0.45473684210526300,0.0,3.2842105263157900,0.0,8.715789473684210,0.0,14.80421052631580,0.0,11.772631578947400,0.0,0.025263157894736800,0.0,10.938947368421100,0.0,13.263157894736800,0.0,25.010526315789500,0.0,16.850526315789500,0.0
53,51.0,SAS,OKC,2008-12-14,2008.0,104.0,109.0,1.0,53,24.48775510204080,0.0,19.102040816326500,0.0,16.873469387755100,0.0,0.37142857142857100,0.0,5.014285714285710,0.0,8.83469387755102,0.0,22.736734693877600,0.0,16.316326530612200,0.0,0.05306122448979590,0.0,12.681632653061200,0.0,13.079591836734700,0.0,25.206734693877600,0.0,18.99591836734690,0.0
54,52.0,UTA,OKC,2008-11-07,2008.0,97.0,104.0,1.0,54,7.754062500000000,0.0,8.6653125,0.0,5.1890625,0.0,0.13500000000000000,0.0,1.434375,0.0,1.0546875,0.0,6.75,0.0,3.8137500000000000,0.0,0.008437500000000000,0.0,3.9150000000000000,0.0,4.311562500000000,0.0,8.16075,0.0,3.5690625,0.0
55,53.0,TOR,OKC,2009-03-27,2008.0,96.0,112.0,1.0,55,22.433684210526300,0.0,21.50526315789470,0.0,12.96,0.0,1.231578947368420,0.0,4.6421052631578900,0.0,2.368421052631580,0.0,13.52842105263160,0.0,7.578947368421050,0.0,0.018947368421052600,0.0,10.818947368421100,0.0,11.463157894736800,0.0,19.123578947368400,0.0,10.098947368421100,0.0
56,54.0,PHI,OKC,2008-11-15,2008.0,85.0,110.0,1.0,56,19.2,0.0,14.145454545454500,0.0,9.090909090909090,0.0,0.32727272727272700,0.0,3.2,0.0,6.418181818181820,0.0,15.90909090909090,0.0,11.01818181818180,0.0,0.018181818181818200,0.0,9.345454545454550,0.0,9.50909090909091,0.0,17.421818181818200,0.0,11.654545454545500,0.0
57,55.0,ORL,OKC,2008-12-05,2008.0,89.0,98.0,1.0,57,16.00741935483870,0.0,14.230645161290300,0.0,12.651290322580600,0.0,0.14970967741935500,0.0,3.224516129032260,0.0,4.112903225806450,0.0,10.726451612903200,0.0,8.011935483870970,0.0,0.04935483870967740,0.0,9.114193548387100,0.0,9.525483870967740,0.0,16.922129032258100,0.0,9.607741935483870,0.0
58,56.0,LAL,BKN,2012-11-20,2012.0,90.0,95.0,1.0,58,50.400000000000000,0.0,41.025000000000000,0.0,22.9125,0.0,2.0625,0.0,9.150000000000000,0.0,5.775,0.0,23.85,0.0,17.137500000000000,0.0,0.037500000000000000,0.0,24.1875,0.0,24.9375,0.0,31.275000000000000,0.0,23.0625,0.0
59,57.0,SAC,BKN,2012-11-18,2012.0,99.0,90.0,0.0,59,47.795918367346900,0.0,48.775510204081600,0.0,24.93877551020410,0.0,0.6408163265306120,0.0,7.755102040816330,0.0,15.306122448979600,0.0,24.122448979591800,0.0,20.408163265306100,0.0,0.0816326530612245,0.0,22.20408163265310,0.0,24.408163265306100,0.0,39.587755102040800,0.0,19.63265306122450,0.0
60,58.0,BKN,MIA,2013-01-30,2012.0,105.0,85.0,0.0,60,0.0,3.3987915407855000,0.0,1.6613293051359500,0.0,1.3595166163142000,0.0,0.027190332326284000,0.0,0.49486404833836900,0.0,1.0876132930513600,0.0,1.4628398791540800,0.0,1.3595166163142000,0.0,0.008157099697885200,0.0,1.7782477341389700,0.0,1.8978851963746200,0.0,2.595045317220540,0.0,2.191540785498490
61,59.0,BKN,MIN,2012-11-05,2012.0,107.0,96.0,0.0,61,0.0,45.880434782608700,0.0,34.858695652173900,0.0,25.630434782608700,0.0,1.7934782608695700,0.0,8.543478260869570,0.0,10.858695652173900,0.0,25.076086956521700,0.0,18.26086956521740,0.0,0.03260869565217390,0.0,18.815217391304300,0.0,21.000000000000000,0.0,30.081521739130400,0.0,21.97826086956520
62,60.0,DEN,BKN,2013-03-29,2012.0,87.0,109.0,1.0,62,31.60625,0.0,33.58333333333330,0.0,22.154166666666700,0.0,0.4875,0.0,6.58125,0.0,10.833333333333300,0.0,24.077083333333300,0.0,17.116666666666700,0.0,0.05416666666666670,0.0,16.25,0.0,16.737500000000000,0.0,24.721666666666700,0.0,13.027083333333300,0.0
63,61.0,BKN,BOS,2012-11-15,2012.0,97.0,102.0,1.0,63,0.0,6.363636363636360,0.0,3.9272727272727300,0.0,2.65,0.0,0.3181818181818180,0.0,0.9636363636363640,0.0,2.272727272727270,0.0,3.3318181818181800,0.0,2.8636363636363600,0.0,0.004545454545454550,0.0,2.372727272727270,0.0,2.5272727272727300,0.0,3.475454545454550,0.0,3.527272727272730
64,62.0,POR,BKN,2013-03-27,2012.0,111.0,93.0,0.0,64,48.358695652173900,0.0,27.782608695652200,0.0,20.380434782608700,0.0,1.6304347826087000,0.0,7.239130434782610,0.0,16.304347826087000,0.0,18.619565217391300,0.0,17.77173913043480,0.0,0.03260869565217390,0.0,21.75,0.0,22.956521739130400,0.0,28.760869565217400,0.0,29.836956521739100,0.0
65,63.0,BKN,UTA,2012-12-18,2012.0,92.0,90.0,0.0,65,0.0,10.156701030927800,0.0,7.954639175257730,0.0,10.824742268041200,0.0,0.1731958762886600,0.0,2.3381443298969100,0.0,1.7690721649484500,0.0,6.9649484536082500,0.0,4.540206185567010,0.0,0.024742268041237100,0.0,5.0597938144329900,0.0,5.777319587628870,0.0,13.609484536082500,0.0,8.511340206185570
66,64.0,MIL,BKN,2012-12-26,2012.0,93.0,108.0,1.0,66,6.97829457364341,0.0,5.7953488372093000,0.0,2.9844961240310100,0.0,0.11937984496124000,0.0,0.9170542635658910,0.0,2.5069767441860500,0.0,4.7480620155038800,0.0,3.3589147286821700,0.0,0.005426356589147290,0.0,2.7131782945736400,0.0,2.9465116279069800,0.0,5.359069767441860,0.0,2.9193798449612400,0.0
67,65.0,BKN,OKC,2012-12-04,2012.0,117.0,111.0,0.0,67,0.0,37.1063829787234,0.0,30.255319148936200,0.0,19.659574468085100,0.0,0.425531914893617,0.0,4.723404255319150,0.0,17.74468085106380,0.0,36.46808510638300,0.0,26.46808510638300,0.0,0.08510638297872340,0.0,16.425531914893600,0.0,17.95744680851060,0.0,38.39148936170210,0.0,24.76595744680850
68,66.0,SAS,BKN,2012-12-31,2012.0,73.0,104.0,1.0,68,5.387755102040820,0.0,3.6836734693877600,0.0,3.826530612244900,0.0,0.10204081632653100,0.0,1.0561224489795900,0.0,2.3214285714285700,0.0,3.9693877551020400,0.0,3.0612244897959200,0.0,0.010204081632653100,0.0,2.2806122448979600,0.0,2.4387755102040800,0.0,4.445408163265310,0.0,3.188775510204080,0.0
69,67.0,BKN,NYK,2012-11-26,2012.0,89.0,96.0,1.0,69,0.0,5.2785714285714300,0.0,3.125,0.0,2.082142857142860,0.0,0.08321428571428570,0.0,0.782142857142857,0.0,1.0214285714285700,0.0,2.5964285714285700,0.0,1.9857142857142900,0.0,0.0035714285714285700,0.0,2.7785714285714300,0.0,2.821428571428570,0.0,3.4678571428571400,0.0,2.7357142857142900
70,68.0,BKN,POR,2012-11-25,2012.0,85.0,98.0,1.0,70,0.0,48.358695652173900,0.0,27.782608695652200,0.0,20.380434782608700,0.0,1.6304347826087000,0.0,7.239130434782610,0.0,16.304347826087000,0.0,18.619565217391300,0.0,17.77173913043480,0.0,0.03260869565217390,0.0,21.75,0.0,22.956521739130400,0.0,28.760869565217400,0.0,29.836956521739100
71,69.0,BKN,IND,2013-01-13,2012.0,86.0,97.0,1.0,71,0.0,3.6363636363636400,0.0,4.443636363636360,0.0,1.8181818181818200,0.0,0.03127272727272730,0.0,0.64,0.0,0.4036363636363640,0.0,1.6545454545454500,0.0,1.0909090909090900,0.0,0.010909090909090900,0.0,2.2509090909090900,0.0,2.290909090909090,0.0,3.386545454545450,0.0,1.2727272727272700
72,70.0,BKN,ATL,2013-01-18,2012.0,89.0,94.0,1.0,72,0.0,19.4300518134715,0.0,16.383419689119200,0.0,10.16580310880830,0.0,0.37772020725388600,0.0,3.3419689119171000,0.0,4.05699481865285,0.0,10.367875647668400,0.0,7.461139896373060,0.0,0.015544041450777200,0.0,9.637305699481870,0.0,10.010362694300500,0.0,13.767357512953400,0.0,9.854922279792750
73,71.0,BKN,LAC,2012-11-23,2012.0,76.0,86.0,1.0,73,0.0,4.881632653061220,0.0,6.351020408163270,0.0,1.6326530612244900,0.0,0.03265306122448980,0.0,0.46802721088435400,0.0,1.0884353741496600,0.0,3.172789115646260,0.0,2.0136054421768700,0.0,0.0108843537414966,0.0,2.3945578231292500,0.0,2.601360544217690,0.0,4.86312925170068,0.0,1.7142857142857100
74,72.0,BKN,CHA,2012-12-28,2012.0,81.0,97.0,1.0,74,0.0,1.1775280898876400,0.0,1.959550561797750,0.0,0.898876404494382,0.0,0.00898876404494382,0.0,0.23670411985018700,0.0,0.498876404494382,0.0,0.5617977528089890,0.0,0.5348314606741570,0.0,0.00599250936329588,0.0,0.7490636704119850,0.0,0.7490636704119850,0.0,1.2690636704119800,0.0,0.350561797752809
75,73.0,BKN,TOR,2012-11-03,2012.0,100.0,107.0,1.0,75,0.0,9.853403141361260,0.0,10.764397905759200,0.0,5.633507853403140,0.0,0.24397905759162300,0.0,1.5287958115183200,0.0,3.329842931937170,0.0,6.984293193717280,0.0,4.806282722513090,0.0,0.010471204188481700,0.0,3.884816753926700,0.0,4.450261780104710,0.0,8.861780104712040,0.0,4.429319371727750
76,74.0,PHX,BKN,2013-03-24,2012.0,102.0,100.0,0.0,76,58.33469387755100,0.0,46.8734693877551,0.0,33.30612244897960,0.0,1.0432653061224500,0.0,12.048979591836700,0.0,13.616326530612200,0.0,34.67755102040820,0.0,25.66530612244900,0.0,0.0979591836734694,0.0,30.90612244897960,0.0,31.346938775510200,0.0,45.84,0.0,31.297959183673500,0.0
77,75.0,BKN,LAL,2013-02-05,2012.0,92.0,83.0,0.0,77,0.0,50.400000000000000,0.0,41.025000000000000,0.0,22.9125,0.0,2.0625,0.0,9.150000000000000,0.0,5.775,0.0,23.85,0.0,17.137500000000000,0.0,0.037500000000000000,0.0,24.1875,0.0,24.9375,0.0,31.275000000000000,0.0,23.0625
78,76.0,BKN,DAL,2013-03-01,2012.0,98.0,90.0,0.0,78,0.0,5.210000000000000,0.0,4.565,0.0,3.89,0.0,0.17500000000000000,0.0,1.06,0.0,0.835,0.0,4.165,0.0,2.5,0.0,0.005000000000000000,0.0,2.62,0.0,2.745,0.0,4.766,0.0,3.0850000000000000
79,77.0,DAL,BKN,2013-03-20,2012.0,113.0,96.0,0.0,79,5.210000000000000,0.0,4.565,0.0,3.89,0.0,0.17500000000000000,0.0,1.06,0.0,0.835,0.0,4.165,0.0,2.5,0.0,0.005000000000000000,0.0,2.62,0.0,2.745,0.0,4.766,0.0,3.0850000000000000,0.0
80,78.0,MIN,BKN,2013-01-23,2012.0,91.0,83.0,0.0,80,45.880434782608700,0.0,34.858695652173900,0.0,25.630434782608700,0.0,1.7934782608695700,0.0,8.543478260869570,0.0,10.858695652173900,0.0,25.076086956521700,0.0,18.26086956521740,0.0,0.03260869565217390,0.0,18.815217391304300,0.0,21.000000000000000,0.0,30.081521739130400,0.0,21.97826086956520,0.0
81,79.0,BKN,CHI,2013-02-01,2012.0,89.0,93.0,1.0,81,0.0,5.631926121372030,0.0,3.3720316622691300,0.0,2.129287598944590,0.0,0.09221635883905020,0.0,0.70844327176781,0.0,1.8284960422163600,0.0,3.043535620052770,0.0,2.4340369393139800,0.0,0.00395778364116095,0.0,2.295514511873350,0.0,2.529023746701850,0.0,3.4401055408971000,0.0,3.0554089709762500
82,80.0,BKN,SAS,2013-02-10,2012.0,111.0,86.0,0.0,82,0.0,5.387755102040820,0.0,3.6836734693877600,0.0,3.826530612244900,0.0,0.10204081632653100,0.0,1.0561224489795900,0.0,2.3214285714285700,0.0,3.9693877551020400,0.0,3.0612244897959200,0.0,0.010204081632653100,0.0,2.2806122448979600,0.0,2.4387755102040800,0.0,4.445408163265310,0.0,3.188775510204080
83,81.0,BKN,PHX,2013-01-11,2012.0,79.0,99.0,1.0,83,0.0,58.33469387755100,0.0,46.8734693877551,0.0,33.30612244897960,0.0,1.0432653061224500,0.0,12.048979591836700,0.0,13.616326530612200,0.0,34.67755102040820,0.0,25.66530612244900,0.0,0.0979591836734694,0.0,30.90612244897960,0.0,31.346938775510200,0.0,45.84,0.0,31.297959183673500
84,82.0,BKN,WAS,2013-03-08,2012.0,78.0,95.0,1.0,84,0.0,11.475524475524500,0.0,7.8671328671328700,0.0,3.230769230769230,0.0,0.2097902097902100,0.0,1.048951048951050,0.0,2.465034965034970,0.0,9.87062937062937,0.0,6.1678321678321700,0.0,0.01048951048951050,0.0,5.066433566433570,0.0,5.56993006993007,0.0,10.8493006993007,0.0,7.4580419580419600
85,83.0,BKN,MEM,2013-02-24,2012.0,76.0,72.0,0.0,85,0.0,10.969444444444400,0.0,6.6305555555555600,0.0,3.6361111111111100,0.0,0.19097222222222200,0.0,1.3138888888888900,0.0,3.6208333333333300,0.0,4.774305555555560,0.0,4.2625,0.0,0.0076388888888888900,0.0,4.506944444444450,0.0,4.8812500000000000,0.0,6.526666666666670,0.0,5.729166666666670
86,84.0,MIA,BKN,2012-11-07,2012.0,73.0,103.0,1.0,86,2.433534743202420,0.0,2.1453172205438100,0.0,1.813595166163140,0.0,0.02175226586102720,0.0,0.4540785498489430,0.0,0.388821752265861,0.0,2.039274924471300,0.0,1.4302114803625400,0.0,0.008157099697885200,0.0,1.568882175226590,0.0,1.66404833836858,0.0,2.688036253776440,0.0,1.6858006042296100,0.0
87,85.0,BKN,HOU,2013-02-22,2012.0,106.0,96.0,0.0,87,0.0,13.160544217687100,0.0,13.877551020408200,0.0,4.961224489795920,0.0,0.17346938775510200,0.0,1.780952380952380,0.0,3.3074829931972800,0.0,8.095238095238100,0.0,5.296598639455780,0.0,0.011564625850340100,0.0,6.198639455782310,0.0,6.510884353741500,0.0,9.884285714285720,0.0,5.007482993197280
88,86.0,BKN,CLE,2012-11-13,2012.0,101.0,114.0,1.0,88,0.0,12.4,0.0,8.827272727272730,0.0,6.218181818181820,0.0,0.29545454545454500,0.0,2.109090909090910,0.0,5.054545454545460,0.0,5.0,0.0,5.027272727272730,0.0,0.009090909090909090,0.0,5.172727272727270,0.0,5.172727272727270,0.0,8.266363636363640,0.0,6.572727272727270
89,87.0,BKN,SAC,2013-01-05,2012.0,93.0,113.0,1.0,89,0.0,47.795918367346900,0.0,48.775510204081600,0.0,24.93877551020410,0.0,0.6408163265306120,0.0,7.755102040816330,0.0,15.306122448979600,0.0,24.122448979591800,0.0,20.408163265306100,0.0,0.0816326530612245,0.0,22.20408163265310,0.0,24.408163265306100,0.0,39.587755102040800,0.0,19.63265306122450
90,88.0,BKN,MIL,2012-12-09,2012.0,97.0,88.0,0.0,90,0.0,6.433074935400520,0.0,4.427906976744190,0.0,2.3276485788113700,0.0,0.37209302325581400,0.0,0.7896640826873390,0.0,2.2739018087855300,0.0,3.249612403100780,0.0,2.6749354005168000,0.0,0.0,0.0,2.187080103359170,0.0,2.3069767441860500,0.0,3.5059431524547800,0.0,2.7245478036175700
91,89.0,BKN,DET,2012-12-14,2012.0,105.0,107.0,1.0,91,0.0,11.124102564102600,0.0,9.615897435897440,0.0,4.358974358974360,0.0,0.17435897435897400,0.0,1.787179487179490,0.0,2.903076923076920,0.0,3.4871794871794900,0.0,3.269230769230770,0.0,0.008717948717948720,0.0,5.753846153846150,0.0,6.024102564102560,0.0,7.152205128205130,0.0,4.9169230769230800
92,90.0,BKN,PHI,2012-12-23,2012.0,92.0,95.0,1.0,92,0.0,4.451020408163270,0.0,6.122448979591840,0.0,4.083673469387760,0.0,0.0489795918367347,0.0,0.789795918367347,0.0,2.0387755102040800,0.0,3.4959183673469400,0.0,2.7428571428571400,0.0,0.012244897959183700,0.0,2.0387755102040800,0.0,2.2408163265306100,0.0,5.412244897959180,0.0,1.3591836734693900
93,91.0,MEM,BKN,2013-01-25,2012.0,77.0,101.0,1.0,93,10.969444444444400,0.0,6.6305555555555600,0.0,3.6361111111111100,0.0,0.19097222222222200,0.0,1.3138888888888900,0.0,3.6208333333333300,0.0,4.774305555555560,0.0,4.2625,0.0,0.0076388888888888900,0.0,4.506944444444450,0.0,4.8812500000000000,0.0,6.526666666666670,0.0,5.729166666666670,0.0
94,92.0,BKN,GSW,2012-12-07,2012.0,109.0,102.0,0.0,94,0.0,11.34020618556700,0.0,15.876288659793800,0.0,7.087628865979380,0.0,0.28350515463917500,0.0,2.0298969072164900,0.0,3.095876288659790,0.0,7.087628865979380,0.0,4.774226804123710,0.0,0.011340206185567000,0.0,5.352577319587630,0.0,5.488659793814430,0.0,9.778659793814430,0.0,3.776288659793810
95,93.0,BKN,ORL,2012-11-11,2012.0,74.0,82.0,1.0,95,0.0,6.252380952380950,0.0,4.761904761904760,0.0,3.871428571428570,0.0,0.20619047619047600,0.0,1.1047619047619000,0.0,2.276190476190480,0.0,4.0285714285714300,0.0,2.9095238095238100,0.0,0.004761904761904760,0.0,2.514285714285710,0.0,2.5285714285714300,0.0,4.595238095238100,0.0,2.8238095238095200
96,94.0,BKN,NOH,2013-03-12,2012.0,98.0,108.0,1.0,96,0.0,39.875,0.0,39.0625,0.0,19.53125,0.0,0.625,0.0,7.28125,0.0,12.5,0.0,17.84375,0.0,15.625,0.0,0.0625,0.0,22.25,0.0,22.25,0.0,27.828125,0.0,16.9375
97,95.0,BKN,DEN,2013-02-13,2012.0,108.0,119.0,1.0,97,0.0,31.60625,0.0,33.58333333333330,0.0,22.154166666666700,0.0,0.4875,0.0,6.58125,0.0,10.833333333333300,0.0,24.077083333333300,0.0,17.116666666666700,0.0,0.05416666666666670,0.0,16.25,0.0,16.737500000000000,0.0,24.721666666666700,0.0,13.027083333333300
98,96.0,BOS,BKN,2012-11-28,2012.0,95.0,83.0,0.0,98,6.495454545454550,0.0,2.7590909090909100,0.0,3.786363636363640,0.0,0.2272727272727270,0.0,1.55,0.0,0.65,0.0,4.195454545454550,0.0,2.9545454545454500,0.0,0.004545454545454550,0.0,3.3636363636363600,0.0,3.4545454545454500,0.0,4.610454545454550,0.0,4.127272727272730,0.0
99,97.0,CHA,BKN,2013-03-06,2012.0,99.0,78.0,0.0,99,1.7677902621722800,0.0,1.7621722846441900,0.0,1.5599250936329600,0.0,0.09363295880149810,0.0,0.3595505617977530,0.0,0.5617977528089890,0.0,1.3108614232209700,0.0,0.9363295880149810,0.0,0.0018726591760299600,0.0,0.702247191011236,0.0,0.853932584269663,0.0,1.605056179775280,0.0,1.0692883895131100,0.0
100,98.0,UTA,BKN,2013-03-30,2012.0,107.0,116.0,1.0,100,22.676288659793800,0.0,17.016494845360800,0.0,12.377319587628900,0.0,0.7422680412371130,0.0,4.286597938144330,0.0,5.808247422680410,0.0,13.101030927835100,0.0,9.556701030927840,0.0,0.018556701030927800,0.0,10.094845360824700,0.0,11.004123711340200,0.0,18.21896907216500,0.0,12.210309278350500,0.0
101,99.0,IND,BKN,2013-02-11,2012.0,89.0,84.0,0.0,101,5.454545454545450,0.0,5.454545454545450,0.0,2.0454545454545500,0.0,0.04690909090909090,0.0,0.6436363636363640,0.0,2.078181818181820,0.0,3.4472727272727300,0.0,2.727272727272730,0.0,0.01090909090909090,0.0,2.5036363636363600,0.0,2.6345454545454500,0.0,4.754727272727270,0.0,2.727272727272730,0.0
102,100.0,NYK,BKN,2012-12-19,2012.0,86.0,100.0,1.0,102,2.9758928571428600,0.0,3.4232142857142900,0.0,1.1491071428571400,0.0,0.01607142857142860,0.0,0.33482142857142900,0.0,1.0044642857142900,0.0,2.38125,0.0,1.7330357142857100,0.0,0.008035714285714290,0.0,1.4357142857142900,0.0,1.6098214285714300,0.0,2.547857142857140,0.0,1.0044642857142900,0.0
103,101.0,ORL,BKN,2012-11-09,2012.0,107.0,68.0,0.0,103,5.838095238095240,0.0,2.7904761904761900,0.0,3.176190476190480,0.0,0.15857142857142900,0.0,1.1095238095238100,0.0,0.7952380952380950,0.0,3.757142857142860,0.0,2.609523809523810,0.0,0.004761904761904760,0.0,3.1142857142857100,0.0,3.157142857142860,0.0,4.18095238095238,0.0,4.457142857142860,0.0
104,102.0,OKC,BKN,2013-01-02,2012.0,110.0,93.0,0.0,104,37.1063829787234,0.0,30.255319148936200,0.0,19.659574468085100,0.0,0.425531914893617,0.0,4.723404255319150,0.0,17.74468085106380,0.0,36.46808510638300,0.0,26.46808510638300,0.0,0.08510638297872340,0.0,16.425531914893600,0.0,17.95744680851060,0.0,38.39148936170210,0.0,24.76595744680850,0.0
105,103.0,WAS,BKN,2013-01-04,2012.0,115.0,113.0,0.0,105,8.553146853146850,0.0,8.808041958041960,0.0,4.361538461538460,0.0,0.28321678321678300,0.0,1.35,0.0,1.991958041958040,0.0,6.296853146853150,0.0,4.078321678321680,0.0,0.00944055944055944,0.0,4.22937062937063,0.0,4.267132867132870,0.0,9.08937062937063,0.0,5.928671328671330,0.0
106,104.0,HOU,BKN,2013-01-26,2012.0,106.0,119.0,1.0,106,13.160544217687100,0.0,13.877551020408200,0.0,4.961224489795920,0.0,0.17346938775510200,0.0,1.780952380952380,0.0,3.3074829931972800,0.0,8.095238095238100,0.0,5.296598639455780,0.0,0.011564625850340100,0.0,6.198639455782310,0.0,6.510884353741500,0.0,9.884285714285720,0.0,5.007482993197280,0.0
107,105.0,CHI,BKN,2012-12-15,2012.0,82.0,83.0,1.0,107,1.4775725593667500,0.0,4.547229551451190,0.0,1.8469656992084400,0.0,0.01071240105540900,0.0,0.2474934036939310,0.0,0.6944591029023750,0.0,3.021635883905010,0.0,1.6401055408971000,0.0,0.01108179419525070,0.0,0.8680738786279680,0.0,0.9013192612137200,0.0,3.324538258575200,0.0,-0.7055408970976250,0.0
108,106.0,GSW,BKN,2012-11-21,2012.0,93.0,102.0,1.0,108,21.324742268041200,0.0,16.5,0.0,10.005154639175300,0.0,0.42525773195876300,0.0,3.7731958762886600,0.0,6.448453608247420,0.0,10.824742268041200,0.0,8.427835051546390,0.0,0.015463917525773200,0.0,10.128865979381400,0.0,10.345360824742300,0.0,14.296391752577300,0.0,8.829896907216500,0.0
109,107.0,ATL,BKN,2013-01-16,2012.0,95.0,109.0,1.0,109,10.26,0.0,11.252331606217600,0.0,6.326113989637310,0.0,0.2950414507772020,0.0,1.6125388601036300,0.0,2.6934715025906700,0.0,4.430051813471500,0.0,3.4554404145077700,0.0,0.008860103626943010,0.0,3.889585492227980,0.0,4.616113989637310,0.0,8.255844559585490,0.0,4.1819689119171000,0.0
110,108.0,TOR,BKN,2012-12-12,2012.0,94.0,88.0,0.0,110,8.43455497382199,0.0,8.43455497382199,0.0,4.712041884816750,0.0,0.15706806282722500,0.0,1.3115183246073300,0.0,1.8141361256544500,0.0,4.908376963350790,0.0,3.5183246073298400,0.0,0.007853403141361260,0.0,3.926701570680630,0.0,4.390052356020940,0.0,6.853664921465970,0.0,4.397905759162300,0.0
111,109.0,NOH,BKN,2013-02-26,2012.0,101.0,97.0,0.0,111,39.875,0.0,39.0625,0.0,19.53125,0.0,0.625,0.0,7.28125,0.0,12.5,0.0,17.84375,0.0,15.625,0.0,0.0625,0.0,22.25,0.0,22.25,0.0,27.828125,0.0,16.9375,0.0
112,110.0,DET,BKN,2013-02-06,2012.0,93.0,90.0,0.0,112,8.72,0.0,5.433333333333330,0.0,3.5866666666666700,0.0,0.078,0.0,1.2600000000000000,0.0,2.96,0.0,6.666666666666670,0.0,4.913333333333330,0.0,0.013333333333333300,0.0,4.446666666666670,0.0,4.706666666666670,0.0,6.721333333333330,0.0,4.926666666666670,0.0
113,111.0,LAC,BKN,2013-03-23,2012.0,95.0,101.0,1.0,113,10.433673469387800,0.0,8.911564625850340,0.0,6.377551020408160,0.0,0.6377551020408160,0.0,1.8197278911564600,0.0,3.4608843537415000,0.0,6.284013605442180,0.0,4.761904761904760,0.0,0.0,0.0,4.2517006802721100,0.0,4.370748299319730,0.0,7.113945578231290,0.0,5.569727891156460,0.0
114,112.0,CLE,BKN,2013-04-03,2012.0,113.0,95.0,0.0,114,7.657575757575760,0.0,9.05050505050505,0.0,4.716161616161620,0.0,0.18878787878787900,0.0,1.4919191919191900,0.0,2.8282828282828300,0.0,5.656565656565660,0.0,3.9595959595959600,0.0,0.007070707070707070,0.0,3.535353535353540,0.0,3.422222222222220,0.0,5.974747474747480,0.0,2.7575757575757600,0.0
115,113.0,PHI,BKN,2013-01-08,2012.0,109.0,89.0,0.0,115,4.366326530612250,0.0,6.796428571428570,0.0,3.7433673469387800,0.0,0.04489795918367350,0.0,1.0214285714285700,0.0,0.0,0.0,2.806122448979590,0.0,1.6051020408163300,0.0,0.01683673469387760,0.0,2.806122448979590,0.0,3.0474489795918400,0.0,4.5863265306122400,0.0,1.5489795918367300,0.0
116,114.0,MIL,NOP,2014-02-12,2013.0,102.0,98.0,0.0,116,21.4468085106383,0.0,19.40936170212770,0.0,8.624680851063830,0.0,0.27574468085106400,0.0,3.002553191489360,0.0,7.659574468085110,0.0,10.72340425531920,0.0,8.931063829787230,0.0,0.030638297872340400,0.0,9.191489361702130,0.0,9.850212765957450,0.0,13.932765957446800,0.0,7.7055319148936200,0.0
117,115.0,OKC,NOP,2014-04-11,2013.0,94.0,116.0,1.0,117,6.535846153846150,0.0,8.60723076923077,0.0,6.276923076923080,0.0,0.15692307692307700,0.0,1.4907692307692300,0.0,1.8438461538461500,0.0,5.1,0.0,3.6013846153846100,0.0,0.007846153846153850,0.0,3.0521538461538500,0.0,3.264,0.0,6.776723076923080,0.0,3.232615384615390,0.0
118,116.0,NOP,MEM,2013-12-13,2013.0,98.0,104.0,1.0,118,0.0,10.431413612565400,0.0,10.217801047120400,0.0,4.450261780104710,0.0,0.20738219895288000,0.0,1.5219895287958100,0.0,3.1774869109947600,0.0,3.951832460732980,0.0,3.613612565445030,0.0,0.008900523560209420,0.0,4.619371727748690,0.0,5.028795811518320,0.0,6.848952879581150,0.0,4.95759162303665
119,117.0,DAL,NOP,2014-01-11,2013.0,107.0,110.0,1.0,119,4.871794871794870,0.0,3.846153846153850,0.0,3.0769230769230800,0.0,0.05128205128205130,0.0,0.641025641025641,0.0,0.5692307692307690,0.0,5.128205128205130,0.0,2.564102564102560,0.0,0.010256410256410300,0.0,2.2000000000000000,0.0,2.7794871794871800,0.0,4.923076923076920,0.0,2.517948717948720,0.0
120,118.0,CHA,NOP,2014-02-21,2013.0,87.0,90.0,1.0,120,9.947368421052630,0.0,4.734947368421050,0.0,4.973684210526320,0.0,0.1326315789473680,0.0,1.7308421052631600,0.0,5.524105263157890,0.0,5.3052631578947400,0.0,5.424631578947370,0.0,0.019894736842105300,0.0,4.264105263157890,0.0,4.264105263157890,0.0,6.145484210526320,0.0,6.0015789473684200,0.0
121,119.0,MIN,NOP,2014-01-01,2013.0,112.0,124.0,1.0,121,6.704123711340210,0.0,5.34742268041237,0.0,4.0123711340206200,0.0,0.05123711340206190,0.0,0.9742268041237110,0.0,2.6268041237113400,0.0,5.24639175257732,0.0,3.9329896907216500,0.0,0.02164948453608250,0.0,3.608247422680410,0.0,4.026804123711340,0.0,6.861443298969070,0.0,5.174226804123710,0.0
122,120.0,NOP,SAC,2014-01-21,2013.0,114.0,97.0,0.0,122,0.0,10.56338028169010,0.0,13.478873239436600,0.0,7.679577464788730,0.0,0.2820422535211270,0.0,1.9225352112676100,0.0,3.3380281690140800,0.0,6.338028169014080,0.0,4.658450704225350,0.0,0.01056338028169010,0.0,4.404929577464790,0.0,4.922535211267610,0.0,9.863028169014080,0.0,3.7077464788732400
123,121.0,NOP,ORL,2014-01-26,2013.0,92.0,100.0,1.0,123,0.0,10.544680851063800,0.0,19.42978723404260,0.0,7.978723404255320,0.0,0.3191489361702130,0.0,2.0553191489361700,0.0,2.948936170212770,0.0,8.514893617021280,0.0,5.22127659574468,0.0,0.01276595744680850,0.0,4.863829787234040,0.0,5.323404255319150,0.0,11.53659574468090,0.0,2.91063829787234
124,122.0,NOP,BOS,2014-03-16,2013.0,120.0,121.0,1.0,124,0.0,11.27127659574470,0.0,12.847872340425500,0.0,12.446808510638300,0.0,0.2074468085106380,0.0,3.360638297872340,0.0,1.147872340425530,0.0,9.874468085106380,0.0,4.370212765957450,0.0,0.027659574468085100,0.0,6.596808510638300,0.0,6.776595744680850,0.0,14.11468085106380,0.0,5.31063829787234
125,123.0,POR,NOP,2013-12-21,2013.0,107.0,110.0,1.0,125,6.1604081632653100,0.0,5.168571428571430,0.0,4.408163265306120,0.0,0.11020408163265300,0.0,0.9202040816326530,0.0,2.2040816326530600,0.0,4.286938775510200,0.0,3.190408163265310,0.0,0.005510204081632650,0.0,2.2040816326530600,0.0,2.8267346938775500,0.0,4.659428571428570,0.0,3.768979591836740,0.0
126,124.0,NOP,BKN,2014-03-24,2013.0,104.0,109.0,1.0,126,0.0,19.234375,0.0,15.625,0.0,12.28125,0.0,0.4296875,0.0,4.09375,0.0,6.515625,0.0,8.921875,0.0,7.8125,0.0,0.03125,0.0,9.609375,0.0,9.609375,0.0,13.0875,0.0,9.484375
127,125.0,NOP,MIA,2014-03-22,2013.0,95.0,105.0,1.0,127,0.0,9.736170212765960,0.0,7.68936170212766,0.0,12.29468085106380,0.0,0.18393617021276600,0.0,3.1670212765957400,0.0,0.0,0.0,8.892553191489360,0.0,4.9787234042553200,0.0,0.027659574468085100,0.0,6.223404255319150,0.0,6.430851063829790,0.0,14.075957446808500,0.0,11.47872340425530
128,126.0,NOP,TOR,2014-03-19,2013.0,107.0,100.0,0.0,128,0.0,11.350693069306900,0.0,8.821782178217820,0.0,7.351485148514850,0.0,0.5881188118811880,0.0,2.2642574257425700,0.0,1.4016831683168300,0.0,6.302673267326730,0.0,4.665742574257430,0.0,0.009801980198019800,0.0,6.782970297029700,0.0,7.096633663366340,0.0,8.683574257425740,0.0,7.204455445544550
129,127.0,PHI,NOP,2013-11-29,2013.0,121.0,105.0,0.0,129,15.70625,0.0,21.058333333333300,0.0,13.256250000000000,0.0,0.48562500000000000,0.0,3.733333333333330,0.0,3.120833333333330,0.0,6.081250000000000,0.0,4.491666666666670,0.0,0.014583333333333300,0.0,7.583333333333330,0.0,7.889583333333330,0.0,13.572708333333300,0.0,4.783333333333330,0.0
130,128.0,NOP,CHI,2014-02-01,2013.0,79.0,88.0,1.0,130,0.0,16.653763440860200,0.0,17.20430107526880,0.0,14.331182795698900,0.0,0.34408602150537600,0.0,3.6645161290322600,0.0,6.073118279569890,0.0,13.38494623655910,0.0,9.823655913978500,0.0,0.03440860215053760,0.0,7.673118279569890,0.0,8.30967741935484,0.0,16.498924731182800,0.0,8.73978494623656
131,129.0,NOP,DEN,2013-12-27,2013.0,89.0,105.0,1.0,131,0.0,11.56056338028170,0.0,7.396478873239440,0.0,4.753521126760560,0.0,0.0,0.0,1.6542253521126800,0.0,0.0,0.0,4.525352112676060,0.0,3.523943661971830,0.0,0.0,0.0,6.338028169014080,0.0,6.078169014084510,0.0,5.7657042253521100,0.0,4.658450704225350
132,130.0,NOP,PHX,2013-11-05,2013.0,104.0,98.0,0.0,132,0.0,11.662,0.0,11.004666666666700,0.0,6.040666666666670,0.0,0.22666666666666700,0.0,1.9720000000000000,0.0,3.332,0.0,8.715333333333330,0.0,5.666666666666670,0.0,0.011333333333333300,0.0,5.485333333333330,0.0,5.802666666666670,0.0,11.176933333333300,0.0,5.236
133,131.0,NOP,LAL,2013-11-08,2013.0,85.0,96.0,1.0,133,0.0,6.349206349206350,0.0,4.761904761904760,0.0,4.116402116402120,0.0,0.12328042328042300,0.0,1.2751322751322800,0.0,1.1746031746031700,0.0,3.7037037037037000,0.0,2.507936507936510,0.0,0.010582010582010600,0.0,3.2698412698412700,0.0,3.386243386243390,0.0,4.892063492063490,0.0,3.603174603174600
134,132.0,NOP,DET,2013-12-11,2013.0,106.0,111.0,1.0,134,0.0,18.06907216494850,0.0,18.08659793814430,0.0,16.071134020618600,0.0,0.3207216494845360,0.0,4.2762886597938100,0.0,2.92680412371134,0.0,8.377319587628870,0.0,6.502061855670100,0.0,0.03505154639175260,0.0,10.217525773195900,0.0,10.848453608247400,0.0,16.027319587628900,0.0,10.270103092783500
135,133.0,NOP,POR,2013-12-30,2013.0,108.0,110.0,1.0,135,0.0,10.650340136054400,0.0,13.3,0.0,9.396598639455780,0.0,0.2585034013605440,0.0,2.2489795918367300,0.0,3.231292517006800,0.0,6.462585034013610,0.0,4.756462585034010,0.0,0.012925170068027200,0.0,5.002040816326530,0.0,5.51904761904762,0.0,11.208707482993200,0.0,5.816326530612250
136,134.0,NOP,GSW,2013-11-26,2013.0,102.0,101.0,0.0,136,0.0,11.107894736842100,0.0,10.626315789473700,0.0,3.9473684210526300,0.0,0.07894736842105260,0.0,1.35,0.0,2.2578947368421100,0.0,4.507894736842110,0.0,3.757894736842110,0.0,0.015789473684210500,0.0,6.363157894736840,0.0,6.694736842105260,0.0,6.815526315789470,0.0,4.168421052631580
137,135.0,NOP,DAL,2013-12-04,2013.0,100.0,97.0,0.0,137,0.0,6.627692307692310,0.0,4.7323076923076900,0.0,4.615384615384620,0.0,0.13846153846153800,0.0,1.4953846153846200,0.0,1.12,0.0,3.513846153846150,0.0,2.6953846153846200,0.0,0.01230769230769230,0.0,3.636923076923080,0.0,3.6923076923076900,0.0,6.278153846153850,0.0,4.756923076923080
138,136.0,NOP,CHA,2013-11-02,2013.0,84.0,105.0,1.0,138,0.0,10.419157894736800,0.0,12.039157894736800,0.0,4.740631578947370,0.0,0.10657894736842100,0.0,1.705263157894740,0.0,2.438526315789470,0.0,4.2631578947368400,0.0,3.410526315789470,0.0,0.01705263157894740,0.0,5.968421052631580,0.0,5.746736842105260,0.0,7.687326315789470,0.0,3.743052631578950
139,137.0,NOP,UTA,2013-11-20,2013.0,98.0,105.0,1.0,139,0.0,10.52720207253890,0.0,11.08538860103630,0.0,7.344559585492230,0.0,0.11065803108808300,0.0,1.6941450777202100,0.0,2.8007253886010400,0.0,5.758134715025910,0.0,4.426321243523320,0.0,0.019585492227979300,0.0,5.288082901554400,0.0,6.228186528497410,0.0,8.640139896373060,0.0,5.043264248704660
140,138.0,NOP,IND,2013-10-30,2013.0,95.0,90.0,0.0,140,0.0,26.198019801980200,0.0,20.338217821782200,0.0,9.623762376237620,0.0,0.4811881188118810,0.0,3.2720792079207900,0.0,8.918019801980200,0.0,14.884752475247500,0.0,11.826534653465300,0.0,0.021386138613861400,0.0,10.693069306930700,0.0,11.291881188118800,0.0,17.508831683168300,0.0,13.58019801980200
141,139.0,NOP,WAS,2014-01-08,2013.0,102.0,96.0,0.0,141,0.0,0.0,0.0,0.0,0.0,0.0,0.0,0.0,0.0,0.0,0.0,0.0,0.0,0.0,0.0,0.0,0.0,0.0,0.0,0.0,0.0,0.0,0.0,0.0,0.0,0.0
142,140.0,NOP,SAS,2014-01-13,2013.0,101.0,95.0,0.0,142,0.0,9.3234375,0.0,7.104375000000000,0.0,4.21875,0.0,0.0961875,0.0,1.4090625000000000,0.0,1.2065625000000000,0.0,7.171875,0.0,4.7165625,0.0,0.016875000000000000,0.0,4.944375000000000,0.0,5.3071875000000000,0.0,8.5185,0.0,5.535000000000000
143,141.0,NOP,MIL,2014-03-07,2013.0,104.0,112.0,1.0,143,0.0,14.407659574468100,0.0,14.21808510638300,0.0,8.425531914893620,0.0,0.42127659574468100,0.0,2.8120212765957400,0.0,3.1595744680851100,0.0,5.265957446808510,0.0,4.096914893617020,0.0,0.010531914893617000,0.0,6.656170212765960,0.0,6.740425531914890,0.0,8.880510638297870,0.0,4.939468085106380
144,142.0,NOP,HOU,2014-01-15,2013.0,103.0,100.0,0.0,144,0.0,5.7823699421965300,0.0,5.491329479768790,0.0,3.5309248554913300,0.0,0.04942196531791910,0.0,0.9884393063583820,0.0,1.4991329479768800,0.0,3.75606936416185,0.0,2.926878612716760,0.0,0.016473988439306400,0.0,3.4046242774566500,0.0,3.7341040462427700,0.0,5.253005780346820,0.0,3.333236994219650
145,143.0,NOP,OKC,2013-12-06,2013.0,109.0,95.0,0.0,145,0.0,11.356615384615400,0.0,9.379384615384620,0.0,7.269230769230770,0.0,0.3879692307692310,0.0,2.5255384615384600,0.0,1.3873846153846200,0.0,5.1923076923076900,0.0,3.564,0.0,0.00830769230769231,0.0,5.640923076923080,0.0,5.807076923076920,0.0,6.943569230769230,0.0,4.9596923076923100
146,144.0,NOP,CLE,2013-11-22,2013.0,100.0,104.0,1.0,146,0.0,19.317894736842100,0.0,18.324210526315800,0.0,4.2105263157894700,0.0,0.16842105263157900,0.0,1.6842105263157900,0.0,2.5936842105263200,0.0,12.345263157894700,0.0,7.814736842105260,0.0,0.016842105263157900,0.0,10.526315789473700,0.0,10.880000000000000,0.0,17.232842105263200,0.0,7.8989473684210500
147,145.0,NOP,PHI,2013-11-16,2013.0,98.0,135.0,1.0,147,0.0,9.847500000000000,0.0,4.960312500000000,0.0,9.481875,0.0,0.17062500000000000,0.0,2.2425000000000000,0.0,4.058437500000000,0.0,10.5665625,0.0,7.3125,0.0,0.024375,0.0,4.5703125,0.0,4.972500000000000,0.0,11.61225,0.0,10.785937500000000
148,146.0,BKN,NOP,2014-02-09,2013.0,81.0,93.0,1.0,148,20.665625000000000,0.0,17.708333333333300,0.0,4.090625,0.0,0.1328125,0.0,1.2572916666666700,0.0,8.39375,0.0,10.819791666666700,0.0,9.580208333333330,0.0,0.017708333333333300,0.0,8.004166666666670,0.0,8.871875000000000,0.0,14.883854166666700,0.0,10.465625000000000,0.0
149,147.0,NOP,ATL,2014-02-05,2013.0,100.0,105.0,1.0,149,0.0,32.27216494845360,0.0,32.329896907216500,0.0,21.938144329896900,0.0,2.742268041237110,0.0,7.505154639175260,0.0,3.7525773195876300,0.0,16.482474226804100,0.0,10.76701030927840,0.0,0.0,0.0,16.886597938144300,0.0,16.857731958762900,0.0,24.96041237113400,0.0,16.511340206185600
150,148.0,NYK,NOP,2013-12-01,2013.0,103.0,99.0,0.0,150,5.322105263157900,0.0,5.616842105263160,0.0,6.315789473684210,0.0,0.12631578947368400,0.0,1.0105263157894700,0.0,1.8021052631578900,0.0,7.368421052631580,0.0,3.831578947368420,0.0,0.008421052631578950,0.0,2.4757894736842100,0.0,2.694736842105260,0.0,9.882947368421050,0.0,2.8800000000000000,0.0
151,149.0,ORL,NOP,2013-11-01,2013.0,90.0,110.0,1.0,151,9.009574468085110,0.0,14.361702127659600,0.0,7.975531914893620,0.0,0.09574468085106380,0.0,2.0776595744680900,0.0,1.5989361702127700,0.0,7.975531914893620,0.0,4.787234042553190,0.0,0.02872340425531920,0.0,5.98404255319149,0.0,5.945744680851060,0.0,7.745744680851070,0.0,2.393617021276600,0.0
152,150.0,CHI,NOP,2013-12-02,2013.0,131.0,128.0,0.0,152,11.618709677419400,0.0,18.516774193548400,0.0,11.618709677419400,0.0,0.13064516129032300,0.0,2.264516129032260,0.0,6.967741935483870,0.0,11.984516129032300,0.0,9.19741935483871,0.0,0.03483870967741940,0.0,5.4,0.0,6.236129032258060,0.0,15.381290322580600,0.0,4.633548387096770,0.0
153,151.0,CLE,NOP,2014-01-28,2013.0,100.0,89.0,0.0,153,20.686315789473700,0.0,19.057894736842100,0.0,10.736842105263200,0.0,0.40263157894736800,0.0,3.7400000000000000,0.0,3.256842105263160,0.0,13.421052631578900,0.0,8.553684210526320,0.0,0.017894736842105300,0.0,11.452631578947400,0.0,11.25578947368420,0.0,15.595263157894700,0.0,10.736842105263200,0.0
154,152.0,NOP,NYK,2014-02-19,2013.0,98.0,91.0,0.0,154,0.0,16.74947368421050,0.0,9.360000000000000,0.0,7.832842105263160,0.0,0.8621052631578950,0.0,2.5370526315789500,0.0,2.2414736842105300,0.0,11.19505263157900,0.0,6.712105263157900,0.0,0.0,0.0,7.919052631578950,0.0,8.10378947368421,0.0,11.22584210526320,0.0,10.259052631578900
155,153.0,NOP,MIN,2014-02-07,2013.0,91.0,98.0,1.0,155,0.0,14.451958762886600,0.0,12.314226804123700,0.0,8.996288659793810,0.0,0.46762886597938100,0.0,3.1620618556701000,0.0,3.184329896907220,0.0,8.20577319587629,0.0,5.567010309278350,0.0,0.011134020618556700,0.0,7.0144329896907200,0.0,7.114639175257730,0.0,10.330144329896900,0.0,6.5579381443299000
156,154.0,NOP,LAC,2014-02-24,2013.0,123.0,110.0,0.0,156,0.0,5.937823834196890,0.0,5.937823834196890,0.0,6.217616580310880,0.0,0.27979274611399000,0.0,1.6476683937823800,0.0,1.8652849740932600,0.0,3.1088082901554400,0.0,2.5927461139896400,0.0,0.006217616580310880,0.0,2.9471502590673600,0.0,3.2145077720207300,0.0,5.487046632124350,0.0,4.439378238341970
157,155.0,PHX,NOP,2013-11-10,2013.0,94.0,101.0,1.0,157,11.701333333333300,0.0,13.152000000000000,0.0,4.266666666666670,0.0,0.09173333333333330,0.0,1.6,0.0,3.2,0.0,4.448,0.0,3.8826666666666700,0.0,0.021333333333333300,0.0,6.613333333333330,0.0,6.773333333333330,0.0,9.780266666666670,0.0,4.554666666666670,0.0
158,156.0,IND,NOP,2014-01-04,2013.0,82.0,99.0,1.0,158,25.262376237623800,0.0,20.584158415841600,0.0,13.791386138613900,0.0,0.654950495049505,0.0,4.50980198019802,0.0,5.913267326732670,0.0,12.481485148514900,0.0,9.356435643564360,0.0,0.018712871287128700,0.0,12.556336633663400,0.0,12.706039603960400,0.0,16.718079207920800,0.0,11.620693069306900,0.0
159,157.0,MEM,NOP,2013-11-06,2013.0,99.0,84.0,0.0,159,9.089005235602090,0.0,6.201047120418850,0.0,4.507853403141360,0.0,0.2931937172774870,0.0,1.5026178010471200,0.0,2.9319371727748700,0.0,4.889005235602090,0.0,3.9068062827225100,0.0,0.007329842931937170,0.0,3.5256544502617800,0.0,3.833507853403140,0.0,6.194450261780110,0.0,5.116230366492150,0.0
160,158.0,HOU,NOP,2013-12-28,2013.0,98.0,107.0,1.0,160,5.067052023121390,0.0,6.024277456647400,0.0,2.7728323699422000,0.0,0.0832369942196532,0.0,0.8011560693641620,0.0,1.4878612716763000,0.0,4.047398843930640,0.0,2.6687861271676300,0.0,0.005202312138728330,0.0,2.3774566473988400,0.0,2.538728323699420,0.0,4.83242774566474,0.0,1.8572254335260100,0.0
161,159.0,LAL,NOP,2013-11-12,2013.0,95.0,116.0,1.0,161,5.555555555555560,0.0,5.291005291005290,0.0,4.116402116402120,0.0,0.12328042328042300,0.0,1.1957671957672000,0.0,2.1164021164021200,0.0,3.968253968253970,0.0,3.126984126984130,0.0,0.010582010582010600,0.0,2.6455026455026500,0.0,2.751322751322750,0.0,4.876190476190480,0.0,3.1111111111111100,0.0
162,160.0,BOS,NOP,2014-01-03,2013.0,95.0,92.0,0.0,162,7.774468085106380,0.0,12.191489361702100,0.0,8.514893617021280,0.0,0.0727659574468085,0.0,1.7617021276595700,0.0,2.553191489361700,0.0,8.119148936170210,0.0,5.476595744680850,0.0,0.038297872340425500,0.0,5.106382978723400,0.0,5.195744680851060,0.0,11.868510638297900,0.0,2.502127659574470,0.0
163,161.0,LAC,NOP,2013-12-18,2013.0,95.0,108.0,1.0,163,8.995336787564770,0.0,7.995077720207250,0.0,5.91761658031088,0.0,0.1538860103626940,0.0,1.8326424870466300,0.0,1.7487046632124400,0.0,5.4419689119171000,0.0,3.3295336787564800,0.0,0.013989637305699500,0.0,4.896373056994820,0.0,4.86839378238342,0.0,6.111373056994820,0.0,3.5813471502590700,0.0
164,162.0,TOR,NOP,2014-02-10,2013.0,101.0,108.0,1.0,164,12.871287128712900,0.0,8.417821782178220,0.0,9.653465346534650,0.0,0.16603960396039600,0.0,3.0504950495049500,0.0,4.286138613861390,0.0,10.528712871287100,0.0,7.7227722772277200,0.0,0.03861386138613860,0.0,7.967326732673270,0.0,7.967326732673270,0.0,12.262475247524800,0.0,9.73069306930693,0.0
165,163.0,DET,NOP,2014-01-24,2013.0,103.0,101.0,0.0,165,12.090721649484500,0.0,18.622680412371100,0.0,14.845360824742300,0.0,0.29690721649484500,0.0,3.5298969072164900,0.0,2.754639175257730,0.0,11.991752577319600,0.0,6.251546391752580,0.0,0.032989690721649500,0.0,6.416494845360820,0.0,6.4000000000000000,0.0,15.363298969072200,0.0,4.1567010309278300,0.0
166,164.0,UTA,NOP,2013-11-13,2013.0,105.0,111.0,1.0,166,8.51761658031088,0.0,9.662694300518140,0.0,6.4036269430051800,0.0,0.14093264248704700,0.0,1.7176165803108800,0.0,1.8849740932642500,0.0,5.663730569948190,0.0,3.778756476683940,0.0,0.017616580310880800,0.0,4.219170984455960,0.0,4.571502590673580,0.0,7.548704663212440,0.0,3.4352331606217600,0.0
167,165.0,SAS,NOP,2013-11-25,2013.0,93.0,112.0,1.0,167,7.234375000000000,0.0,6.65625,0.0,4.734375000000000,0.0,0.5208333333333330,0.0,1.734375,0.0,1.3020833333333300,0.0,2.8958333333333300,0.0,2.1458333333333300,0.0,0.005208333333333330,0.0,3.151041666666670,0.0,3.2760416666666700,0.0,4.3546875,0.0,2.9895833333333300,0.0
168,166.0,WAS,NOP,2014-02-22,2013.0,93.0,94.0,1.0,168,0.0,0.0,0.0,0.0,0.0,0.0,0.0,0.0,0.0,0.0,0.0,0.0,0.0,0.0,0.0,0.0,0.0,0.0,0.0,0.0,0.0,0.0,0.0,0.0,0.0,0.0
169,167.0,DEN,NOP,2013-12-15,2013.0,93.0,102.0,1.0,169,13.142253521126800,0.0,10.953521126760600,0.0,7.394366197183100,0.0,1.1830985915493000,0.0,2.8197183098591500,0.0,2.464788732394370,0.0,9.859154929577460,0.0,4.929577464788730,0.0,0.0,0.0,6.211267605633800,0.0,6.270422535211270,0.0,9.29225352112676,0.0,5.777464788732390,0.0
170,168.0,SAC,NOP,2013-12-23,2013.0,113.0,100.0,0.0,170,10.464084507042300,0.0,11.114084507042300,0.0,6.866197183098590,0.0,0.4119718309859160,0.0,2.0598591549295800,0.0,2.2887323943662000,0.0,8.321830985915490,0.0,5.172535211267610,0.0,0.009154929577464790,0.0,4.769718309859160,0.0,5.23661971830986,0.0,9.216267605633800,0.0,4.650704225352110,0.0
171,169.0,ATL,NOP,2014-03-21,2013.0,111.0,105.0,0.0,171,17.56701030927840,0.0,17.00618556701030,0.0,13.95463917525770,0.0,0.3628865979381440,0.0,4.123711340206190,0.0,2.358762886597940,0.0,14.136082474226800,0.0,8.24742268041237,0.0,0.032989690721649500,0.0,9.468041237113400,0.0,9.764948453608250,0.0,15.960412371134000,0.0,8.643298969072160,0.0
872,170.0,MIA,NOP,2014-01-07,2013.0,88.0,107.0,1.0,172,14.39617021276600,0.0,19.851702127659600,0.0,6.702127659574470,0.0,0.3351063829787230,0.0,2.037446808510640,0.0,1.219787234042550,0.0,9.57063829787234,0.0,4.463617021276600,0.0,0.013404255319148900,0.0,6.702127659574470,0.0,7.787872340425530,0.0,12.527617021276600,0.0,4.731702127659570,0.0
873,171.0,GSW,NOP,2013-12-17,2013.0,93.0,104.0,1.0,173,4.763157894736840,0.0,5.5,0.0,5.263157894736840,0.0,0.07368421052631580,0.0,1.2263157894736800,0.0,1.3157894736842100,0.0,3.6842105263157900,0.0,2.631578947368420,0.0,0.010526315789473700,0.0,2.457894736842110,0.0,2.8368421052631600,0.0,5.189473684210530,0.0,2.4736842105263200,0.0
874,,,,,,,,,,,,,,,,,,,,,,,,,,,,,,,,,,,
875,,,,,,,,,,,,,,,,,,,,,,,,,,,,,,,,,,,
876,,,,,,,,,,,,,,,,,,,,,,,,,,,,,,,,,,,
877,,,,,,,,,,,,,,,,,,,,,,,,,,,,,,,,,,,
878,,,,,,,,,,,,,,,,,,,,,,,,,,,,,,,,,,,
879,,,,,,,,,,,,,,,,,,,,,,,,,,,,,,,,,,,
880,,,,,,,,,,,,,,,,,,,,,,,,,,,,,,,,,,,
881,,,,,,,,,,,,,,,,,,,,,,,,,,,,,,,,,,,
882,,,,,,,,,,,,,,,,,,,,,,,,,,,,,,,,,,,
883,,,,,,,,,,,,,,,,,,,,,,,,,,,,,,,,,,,
884,,,,,,,,,,,,,,,,,,,,,,,,,,,,,,,,,,,
885,,,,,,,,,,,,,,,,,,,,,,,,,,,,,,,,,,,
886,,,,,,,,,,,,,,,,,,,,,,,,,,,,,,,,,,,
887,,,,,,,,,,,,,,,,,,,,,,,,,,,,,,,,,,,
888,,,,,,,,,,,,,,,,,,,,,,,,,,,,,,,,,,,
889,,,,,,,,,,,,,,,,,,,,,,,,,,,,,,,,,,,
890,,,,,,,,,,,,,,,,,,,,,,,,,,,,,,,,,,,
891,,,,,,,,,,,,,,,,,,,,,,,,,,,,,,,,,,,
892,,,,,,,,,,,,,,,,,,,,,,,,,,,,,,,,,,,
893,,,,,,,,,,,,,,,,,,,,,,,,,,,,,,,,,,,
894,,,,,,,,,,,,,,,,,,,,,,,,,,,,,,,,,,,
895,,,,,,,,,,,,,,,,,,,,,,,,,,,,,,,,,,,
896,,,,,,,,,,,,,,,,,,,,,,,,,,,,,,,,,,,
897,,,,,,,,,,,,,,,,,,,,,,,,,,,,,,,,,,,
898,,,,,,,,,,,,,,,,,,,,,,,,,,,,,,,,,,,
899,,,,,,,,,,,,,,,,,,,,,,,,,,,,,,,,,,,
900,,,,,,,,,,,,,,,,,,,,,,,,,,,,,,,,,,,
901,,,,,,,,,,,,,,,,,,,,,,,,,,,,,,,,,,,
902,,,,,,,,,,,,,,,,,,,,,,,,,,,,,,,,,,,
903,,,,,,,,,,,,,,,,,,,,,,,,,,,,,,,,,,,
904,,,,,,,,,,,,,,,,,,,,,,,,,,,,,,,,,,,
905,,,,,,,,,,,,,,,,,,,,,,,,,,,,,,,,,,,
906,,,,,,,,,,,,,,,,,,,,,,,,,,,,,,,,,,,
907,,,,,,,,,,,,,,,,,,,,,,,,,,,,,,,,,,,
908,,,,,,,,,,,,,,,,,,,,,,,,,,,,,,,,,,,
909,,,,,,,,,,,,,,,,,,,,,,,,,,,,,,,,,,,
910,,,,,,,,,,,,,,,,,,,,,,,,,,,,,,,,,,,
911,,,,,,,,,,,,,,,,,,,,,,,,,,,,,,,,,,,
912,,,,,,,,,,,,,,,,,,,,,,,,,,,,,,,,,,,
913,,,,,,,,,,,,,,,,,,,,,,,,,,,,,,,,,,,
914,,,,,,,,,,,,,,,,,,,,,,,,,,,,,,,,,,,
915,,,,,,,,,,,,,,,,,,,,,,,,,,,,,,,,,,,
916,,,,,,,,,,,,,,,,,,,,,,,,,,,,,,,,,,,
917,,,,,,,,,,,,,,,,,,,,,,,,,,,,,,,,,,,
918,,,,,,,,,,,,,,,,,,,,,,,,,,,,,,,,,,,
919,,,,,,,,,,,,,,,,,,,,,,,,,,,,,,,,,,,
920,,,,,,,,,,,,,,,,,,,,,,,,,,,,,,,,,,,
921,,,,,,,,,,,,,,,,,,,,,,,,,,,,,,,,,,,
922,,,,,,,,,,,,,,,,,,,,,,,,,,,,,,,,,,,
923,,,,,,,,,,,,,,,,,,,,,,,,,,,,,,,,,,,
924,,,,,,,,,,,,,,,,,,,,,,,,,,,,,,,,,,,
925,,,,,,,,,,,,,,,,,,,,,,,,,,,,,,,,,,,
926,,,,,,,,,,,,,,,,,,,,,,,,,,,,,,,,,,,
927,,,,,,,,,,,,,,,,,,,,,,,,,,,,,,,,,,,
928,,,,,,,,,,,,,,,,,,,,,,,,,,,,,,,,,,,
929,,,,,,,,,,,,,,,,,,,,,,,,,,,,,,,,,,,
930,,,,,,,,,,,,,,,,,,,,,,,,,,,,,,,,,,,
931,,,,,,,,,,,,,,,,,,,,,,,,,,,,,,,,,,,
932,,,,,,,,,,,,,,,,,,,,,,,,,,,,,,,,,,,
933,,,,,,,,,,,,,,,,,,,,,,,,,,,,,,,,,,,
934,,,,,,,,,,,,,,,,,,,,,,,,,,,,,,,,,,,
935,,,,,,,,,,,,,,,,,,,,,,,,,,,,,,,,,,,
936,,,,,,,,,,,,,,,,,,,,,,,,,,,,,,,,,,,
937,,,,,,,,,,,,,,,,,,,,,,,,,,,,,,,,,,,
938,,,,,,,,,,,,,,,,,,,,,,,,,,,,,,,,,,,
939,,,,,,,,,,,,,,,,,,,,,,,,,,,,,,,,,,,
940,,,,,,,,,,,,,,,,,,,,,,,,,,,,,,,,,,,
941,,,,,,,,,,,,,,,,,,,,,,,,,,,,,,,,,,,
942,,,,,,,,,,,,,,,,,,,,,,,,,,,,,,,,,,,
943,,,,,,,,,,,,,,,,,,,,,,,,,,,,,,,,,,,
944,,,,,,,,,,,,,,,,,,,,,,,,,,,,,,,,,,,
945,,,,,,,,,,,,,,,,,,,,,,,,,,,,,,,,,,,
946,,,,,,,,,,,,,,,,,,,,,,,,,,,,,,,,,,,
947,,,,,,,,,,,,,,,,,,,,,,,,,,,,,,,,,,,
948,,,,,,,,,,,,,,,,,,,,,,,,,,,,,,,,,,,
949,,,,,,,,,,,,,,,,,,,,,,,,,,,,,,,,,,,
950,,,,,,,,,,,,,,,,,,,,,,,,,,,,,,,,,,,
951,,,,,,,,,,,,,,,,,,,,,,,,,,,,,,,,,,,
952,,,,,,,,,,,,,,,,,,,,,,,,,,,,,,,,,,,
953,,,,,,,,,,,,,,,,,,,,,,,,,,,,,,,,,,,
954,,,,,,,,,,,,,,,,,,,,,,,,,,,,,,,,,,,
955,,,,,,,,,,,,,,,,,,,,,,,,,,,,,,,,,,,
956,,,,,,,,,,,,,,,,,,,,,,,,,,,,,,,,,,,
957,,,,,,,,,,,,,,,,,,,,,,,,,,,,,,,,,,,
958,,,,,,,,,,,,,,,,,,,,,,,,,,,,,,,,,,,
959,,,,,,,,,,,,,,,,,,,,,,,,,,,,,,,,,,,
960,,,,,,,,,,,,,,,,,,,,,,,,,,,,,,,,,,,
961,,,,,,,,,,,,,,,,,,,,,,,,,,,,,,,,,,,
962,,,,,,,,,,,,,,,,,,,,,,,,,,,,,,,,,,,
963,,,,,,,,,,,,,,,,,,,,,,,,,,,,,,,,,,,
964,,,,,,,,,,,,,,,,,,,,,,,,,,,,,,,,,,,
965,,,,,,,,,,,,,,,,,,,,,,,,,,,,,,,,,,,
966,,,,,,,,,,,,,,,,,,,,,,,,,,,,,,,,,,,
967,,,,,,,,,,,,,,,,,,,,,,,,,,,,,,,,,,,
968,,,,,,,,,,,,,,,,,,,,,,,,,,,,,,,,,,,
969,,,,,,,,,,,,,,,,,,,,,,,,,,,,,,,,,,,
970,,,,,,,,,,,,,,,,,,,,,,,,,,,,,,,,,,,
971,,,,,,,,,,,,,,,,,,,,,,,,,,,,,,,,,,,
972,,,,,,,,,,,,,,,,,,,,,,,,,,,,,,,,,,,
973,,,,,,,,,,,,,,,,,,,,,,,,,,,,,,,,,,,
974,,,,,,,,,,,,,,,,,,,,,,,,,,,,,,,,,,,
975,,,,,,,,,,,,,,,,,,,,,,,,,,,,,,,,,,,
976,,,,,,,,,,,,,,,,,,,,,,,,,,,,,,,,,,,
977,,,,,,,,,,,,,,,,,,,,,,,,,,,,,,,,,,,
978,,,,,,,,,,,,,,,,,,,,,,,,,,,,,,,,,,,
979,,,,,,,,,,,,,,,,,,,,,,,,,,,,,,,,,,,
980,,,,,,,,,,,,,,,,,,,,,,,,,,,,,,,,,,,
981,,,,,,,,,,,,,,,,,,,,,,,,,,,,,,,,,,,
982,,,,,,,,,,,,,,,,,,,,,,,,,,,,,,,,,,,
983,,,,,,,,,,,,,,,,,,,,,,,,,,,,,,,,,,,
984,,,,,,,,,,,,,,,,,,,,,,,,,,,,,,,,,,,
985,,,,,,,,,,,,,,,,,,,,,,,,,,,,,,,,,,,
986,,,,,,,,,,,,,,,,,,,,,,,,,,,,,,,,,,,
987,,,,,,,,,,,,,,,,,,,,,,,,,,,,,,,,,,,
988,,,,,,,,,,,,,,,,,,,,,,,,,,,,,,,,,,,
989,,,,,,,,,,,,,,,,,,,,,,,,,,,,,,,,,,,
990,,,,,,,,,,,,,,,,,,,,,,,,,,,,,,,,,,,
991,,,,,,,,,,,,,,,,,,,,,,,,,,,,,,,,,,,
992,,,,,,,,,,,,,,,,,,,,,,,,,,,,,,,,,,,
993,,,,,,,,,,,,,,,,,,,,,,,,,,,,,,,,,,,
994,,,,,,,,,,,,,,,,,,,,,,,,,,,,,,,,,,,
995,,,,,,,,,,,,,,,,,,,,,,,,,,,,,,,,,,,
996,,,,,,,,,,,,,,,,,,,,,,,,,,,,,,,,,,,
997,,,,,,,,,,,,,,,,,,,,,,,,,,,,,,,,,,,
998,,,,,,,,,,,,,,,,,,,,,,,,,,,,,,,,,,,
999,,,,,,,,,,,,,,,,,,,,,,,,,,,,,,,,,,,
1000,,,,,,,,,,,,,,,,,,,,,,,,,,,,,,,,,,,
1001,,,,,,,,,,,,,,,,,,,,,,,,,,,,,,,,,,,
1002,,,,,,,,,,,,,,,,,,,,,,,,,,,,,,,,,,,
1003,,,,,,,,,,,,,,,,,,,,,,,,,,,,,,,,,,,
1004,,,,,,,,,,,,,,,,,,,,,,,,,,,,,,,,,,,
1005,,,,,,,,,,,,,,,,,,,,,,,,,,,,,,,,,,,
1006,,,,,,,,,,,,,,,,,,,,,,,,,,,,,,,,,,,
1007,,,,,,,,,,,,,,,,,,,,,,,,,,,,,,,,,,,
1008,,,,,,,,,,,,,,,,,,,,,,,,,,,,,,,,,,,
1009,,,,,,,,,,,,,,,,,,,,,,,,,,,,,,,,,,,
1010,,,,,,,,,,,,,,,,,,,,,,,,,,,,,,,,,,,
1011,,,,,,,,,,,,,,,,,,,,,,,,,,,,,,,,,,,
1012,,,,,,,,,,,,,,,,,,,,,,,,,,,,,,,,,,,
1013,,,,,,,,,,,,,,,,,,,,,,,,,,,,,,,,,,,
1014,,,,,,,,,,,,,,,,,,,,,,,,,,,,,,,,,,,
1015,,,,,,,,,,,,,,,,,,,,,,,,,,,,,,,,,,,
1016,,,,,,,,,,,,,,,,,,,,,,,,,,,,,,,,,,,
1017,,,,,,,,,,,,,,,,,,,,,,,,,,,,,,,,,,,
1018,,,,,,,,,,,,,,,,,,,,,,,,,,,,,,,,,,,
1019,,,,,,,,,,,,,,,,,,,,,,,,,,,,,,,,,,,
1020,,,,,,,,,,,,,,,,,,,,,,,,,,,,,,,,,,,
1021,,,,,,,,,,,,,,,,,,,,,,,,,,,,,,,,,,,
1022,,,,,,,,,,,,,,,,,,,,,,,,,,,,,,,,,,,
1023,,,,,,,,,,,,,,,,,,,,,,,,,,,,,,,,,,,
1024,,,,,,,,,,,,,,,,,,,,,,,,,,,,,,,,,,,
1025,,,,,,,,,,,,,,,,,,,,,,,,,,,,,,,,,,,
1026,,,,,,,,,,,,,,,,,,,,,,,,,,,,,,,,,,,
1027,,,,,,,,,,,,,,,,,,,,,,,,,,,,,,,,,,,
1028,,,,,,,,,,,,,,,,,,,,,,,,,,,,,,,,,,,
1029,,,,,,,,,,,,,,,,,,,,,,,,,,,,,,,,,,,
1030,,,,,,,,,,,,,,,,,,,,,,,,,,,,,,,,,,,
1031,,,,,,,,,,,,,,,,,,,,,,,,,,,,,,,,,,,
1032,,,,,,,,,,,,,,,,,,,,,,,,,,,,,,,,,,,
1033,,,,,,,,,,,,,,,,,,,,,,,,,,,,,,,,,,,
1034,,,,,,,,,,,,,,,,,,,,,,,,,,,,,,,,,,,
1035,,,,,,,,,,,,,,,,,,,,,,,,,,,,,,,,,,,
1036,,,,,,,,,,,,,,,,,,,,,,,,,,,,,,,,,,,
1037,,,,,,,,,,,,,,,,,,,,,,,,,,,,,,,,,,,
1038,,,,,,,,,,,,,,,,,,,,,,,,,,,,,,,,,,,
1039,,,,,,,,,,,,,,,,,,,,,,,,,,,,,,,,,,,
1040,,,,,,,,,,,,,,,,,,,,,,,,,,,,,,,,,,,
1041,,,,,,,,,,,,,,,,,,,,,,,,,,,,,,,,,,,
1042,,,,,,,,,,,,,,,,,,,,,,,,,,,,,,,,,,,
1043,,,,,,,,,,,,,,,,,,,,,,,,,,,,,,,,,,,