,TEAM,AWAY,GAMEDAY_FMT,SEASON_FMT,AWAYSCORE
870,OKC,MIN,2008-11-02,2008.0,85.0
871,OKC,GSW,2008-12-08,2008.0,112.0
872,OKC,MEM,2008-12-10,2008.0,108.0
873,OKC,NYK,2009-01-06,2008.0,99.0
874,OKC,MIL,2008-10-29,2008.0,98.0
875,OKC,IND,2009-04-05,2008.0,117.0
876,OKC,TOR,2008-12-19,2008.0,83.0
877,OKC,DEN,2009-01-02,2008.0,122.0
878,OKC,CHI,2009-03-18,2008.0,103.0
879,OKC,SAC,2009-02-08,2008.0,113.0
880,OKC,SAS,2009-03-16,2008.0,76.0
881,OKC,CLE,2008-12-21,2008.0,102.0
882,OKC,DET,2009-01-16,2008.0,79.0
883,OKC,UTA,2009-01-14,2008.0,93.0
884,OKC,MIA,2009-01-18,2008.0,104.0
885,NJN,OKC,2009-01-12,2008.0,99.0
886,OKC,NJN,2009-01-26,2008.0,85.0
887,CHI,OKC,2009-01-10,2008.0,109.0
888,NOH,OKC,2008-11-22,2008.0,97.0
889,NYK,OKC,2008-11-14,2008.0,106.0
890,OKC,ORL,2008-11-12,2008.0,109.0
891,OKC,ATL,2008-11-09,2008.0,89.0
892,OKC,BOS,2008-11-05,2008.0,96.0
893,OKC,HOU,2008-11-17,2008.0,100.0
894,OKC,PHI,2009-03-08,2008.0,74.0
895,OKC,LAC,2008-11-19,2008.0,108.0
896,OKC,POR,2009-02-06,2008.0,93.0
897,OKC,PHX,2008-11-25,2008.0,99.0
898,OKC,LAL,2009-02-24,2008.0,107.0
899,OKC,WAS,2009-03-04,2008.0,83.0
900,OKC,DAL,2009-03-02,2008.0,87.0
901,OKC,NOH,2008-11-21,2008.0,105.0
902,OKC,CHA,2009-04-10,2008.0,81.0
903,LAC,OKC,2009-01-23,2008.0,104.0
904,LAL,OKC,2009-02-10,2008.0,98.0
905,GSW,OKC,2009-01-21,2008.0,122.0
906,HOU,OKC,2008-11-01,2008.0,77.0
907,DET,OKC,2008-12-26,2008.0,88.0
908,IND,OKC,2008-11-10,2008.0,99.0
909,MIN,OKC,2009-01-07,2008.0,87.0
910,MIL,OKC,2009-04-11,2008.0,98.0
911,CLE,OKC,2008-11-26,2008.0,82.0
912,DAL,OKC,2008-12-13,2008.0,99.0
913,MEM,OKC,2008-11-29,2008.0,111.0
914,DEN,OKC,2009-03-11,2008.0,99.0
915,MIA,OKC,2008-12-06,2008.0,99.0
916,SAC,OKC,2009-02-01,2008.0,118.0
917,POR,OKC,2009-02-11,2008.0,92.0
918,BOS,OKC,2009-03-29,2008.0,84.0
919,PHX,OKC,2009-02-20,2008.0,118.0
920,CHA,OKC,2008-12-03,2008.0,97.0
921,ATL,OKC,2008-12-23,2008.0,88.0
922,WAS,OKC,2008-12-27,2008.0,95.0
923,SAS,OKC,2008-12-14,2008.0,104.0
924,UTA,OKC,2008-11-07,2008.0,97.0
925,TOR,OKC,2009-03-27,2008.0,96.0
926,PHI,OKC,2008-11-15,2008.0,85.0
927,ORL,OKC,2008-12-05,2008.0,89.0
928,LAL,BKN,2012-11-20,2012.0,90.0
929,SAC,BKN,2012-11-18,2012.0,99.0
930,BKN,MIA,2013-01-30,2012.0,105.0
931,BKN,MIN,2012-11-05,2012.0,107.0
932,DEN,BKN,2013-03-29,2012.0,87.0
933,BKN,BOS,2012-11-15,2012.0,97.0
934,POR,BKN,2013-03-27,2012.0,111.0
935,BKN,UTA,2012-12-18,2012.0,92.0
936,MIL,BKN,2012-12-26,2012.0,93.0
937,BKN,OKC,2012-12-04,2012.0,117.0
938,SAS,BKN,2012-12-31,2012.0,73.0
939,BKN,NYK,2012-11-26,2012.0,89.0
940,BKN,POR,2012-11-25,2012.0,85.0
941,BKN,IND,2013-01-13,2012.0,86.0
942,BKN,ATL,2013-01-18,2012.0,89.0
943,BKN,LAC,2012-11-23,2012.0,76.0
944,BKN,CHA,2012-12-28,2012.0,81.0
945,BKN,TOR,2012-11-03,2012.0,100.0
946,PHX,BKN,2013-03-24,2012.0,102.0
947,BKN,LAL,2013-02-05,2012.0,92.0
948,BKN,DAL,2013-03-01,2012.0,98.0
949,DAL,BKN,2013-03-20,2012.0,113.0
950,MIN,BKN,2013-01-23,2012.0,91.0
951,BKN,CHI,2013-02-01,2012.0,89.0
952,BKN,SAS,2013-02-10,2012.0,111.0
953,BKN,PHX,2013-01-11,2012.0,79.0
954,BKN,WAS,2013-03-08,2012.0,78.0
955,BKN,MEM,2013-02-24,2012.0,76.0
956,MIA,BKN,2012-11-07,2012.0,73.0
957,BKN,HOU,2013-02-22,2012.0,106.0
958,BKN,CLE,2012-11-13,2012.0,101.0
959,BKN,SAC,2013-01-05,2012.0,93.0
960,BKN,MIL,2012-12-09,2012.0,97.0
961,BKN,DET,2012-12-14,2012.0,105.0
962,BKN,PHI,2012-12-23,2012.0,92.0
963,MEM,BKN,2013-01-25,2012.0,77.0
964,BKN,GSW,2012-12-07,2012.0,109.0
965,BKN,ORL,2012-11-11,2012.0,74.0
966,BKN,NOH,2013-03-12,2012.0,98.0
967,BKN,DEN,2013-02-13,2012.0,108.0
968,BOS,BKN,2012-11-28,2012.0,95.0
969,CHA,BKN,2013-03-06,2012.0,99.0
970,UTA,BKN,2013-03-30,2012.0,107.0
971,IND,BKN,2013-02-11,2012.0,89.0
972,NYK,BKN,2012-12-19,2012.0,86.0
973,ORL,BKN,2012-11-09,2012.0,107.0
974,OKC,BKN,2013-01-02,2012.0,110.0
975,WAS,BKN,2013-01-04,2012.0,115.0
976,HOU,BKN,2013-01-26,2012.0,106.0
977,CHI,BKN,2012-12-15,2012.0,82.0
978,GSW,BKN,2012-11-21,2012.0,93.0
979,ATL,BKN,2013-01-16,2012.0,95.0
980,TOR,BKN,2012-12-12,2012.0,94.0
981,NOH,BKN,2013-02-26,2012.0,101.0
982,DET,BKN,2013-02-06,2012.0,93.0
983,LAC,BKN,2013-03-23,2012.0,95.0
984,CLE,BKN,2013-04-03,2012.0,113.0
985,PHI,BKN,2013-01-08,2012.0,109.0
986,MIL,NOP,2014-02-12,2013.0,102.0
987,OKC,NOP,2014-04-11,2013.0,94.0
988,NOP,MEM,2013-12-13,2013.0,98.0
989,DAL,NOP,2014-01-11,2013.0,107.0
990,CHA,NOP,2014-02-21,2013.0,87.0
991,MIN,NOP,2014-01-01,2013.0,112.0
992,NOP,SAC,2014-01-21,2013.0,114.0
993,NOP,ORL,2014-01-26,2013.0,92.0
994,NOP,BOS,2014-03-16,2013.0,120.0
995,POR,NOP,2013-12-21,2013.0,107.0
996,NOP,BKN,2014-03-24,2013.0,104.0
997,NOP,MIA,2014-03-22,2013.0,95.0
998,NOP,TOR,2014-03-19,2013.0,107.0
999,PHI,NOP,2013-11-29,2013.0,121.0
1000,NOP,CHI,2014-02-01,2013.0,79.0
1001,NOP,DEN,2013-12-27,2013.0,89.0
1002,NOP,PHX,2013-11-05,2013.0,104.0
1003,NOP,LAL,2013-11-08,2013.0,85.0
1004,NOP,DET,2013-12-11,2013.0,106.0
1005,NOP,POR,2013-12-30,2013.0,108.0
1006,NOP,GSW,2013-11-26,2013.0,102.0
1007,NOP,DAL,2013-12-04,2013.0,100.0
1008,NOP,CHA,2013-11-02,2013.0,84.0
1009,NOP,UTA,2013-11-20,2013.0,98.0
1010,NOP,IND,2013-10-30,2013.0,95.0
1011,NOP,WAS,2014-01-08,2013.0,102.0
1012,NOP,SAS,2014-01-13,2013.0,101.0
1013,NOP,MIL,2014-03-07,2013.0,104.0
1014,NOP,HOU,2014-01-15,2013.0,103.0
1015,NOP,OKC,2013-12-06,2013.0,109.0
1016,NOP,CLE,2013-11-22,2013.0,100.0
1017,NOP,PHI,2013-11-16,2013.0,98.0
1018,BKN,NOP,2014-02-09,2013.0,81.0
1019,NOP,ATL,2014-02-05,2013.0,100.0
1020,NYK,NOP,2013-12-01,2013.0,103.0
1021,ORL,NOP,2013-11-01,2013.0,90.0
1022,CHI,NOP,2013-12-02,2013.0,131.0
1023,CLE,NOP,2014-01-28,2013.0,100.0
1024,NOP,NYK,2014-02-19,2013.0,98.0
1025,NOP,MIN,2014-02-07,2013.0,91.0
1026,NOP,LAC,2014-02-24,2013.0,123.0
1027,PHX,NOP,2013-11-10,2013.0,94.0
1028,IND,NOP,2014-01-04,2013.0,82.0
1029,MEM,NOP,2013-11-06,2013.0,99.0
1030,HOU,NOP,2013-12-28,2013.0,98.0
1031,LAL,NOP,2013-11-12,2013.0,95.0
1032,BOS,NOP,2014-01-03,2013.0,95.0
1033,LAC,NOP,2013-12-18,2013.0,95.0
1034,TOR,NOP,2014-02-10,2013.0,101.0
1035,DET,NOP,2014-01-24,2013.0,103.0
1036,UTA,NOP,2013-11-13,2013.0,105.0
1037,SAS,NOP,2013-11-25,2013.0,93.0
1038,WAS,NOP,2014-02-22,2013.0,93.0
1039,DEN,NOP,2013-12-15,2013.0,93.0
1040,SAC,NOP,2013-12-23,2013.0,113.0
1041,ATL,NOP,2014-03-21,2013.0,111.0
1042,MIA,NOP,2014-01-07,2013.0,88.0
1043,GSW,NOP,2013-12-17,2013.0,93.0
1327,OKC,SAS,2009-04-07,2008.0,99.0
1341,OKC,SAS,2009-03-16,2008.0,76.0
1386,NOH,SAS,2008-12-17,2008.0,83.0
1410,CLE,SAS,2009-04-05,2008.0,81.0
1456,NOH,SAS,2009-03-29,2008.0,86.0
1508,CHI,SAS,2009-01-17,2008.0,92.0
1510,NYK,SAS,2009-02-17,2008.0,107.0
1587,DET,SAS,2009-02-19,2008.0,83.0
1598,LAC,SAS,2009-03-02,2008.0,106.0
1664,LAL,SAS,2009-01-25,2008.0,85.0
1673,LAC,SAS,2008-11-17,2008.0,86.0
1691,GSW,SAS,2009-04-13,2008.0,101.0
1692,HOU,SAS,2009-03-14,2008.0,88.0
1742,HOU,SAS,2008-11-29,2008.0,84.0
1751,GSW,SAS,2009-02-02,2008.0,110.0
1809,IND,SAS,2009-04-03,2008.0,126.0
1822,MIN,SAS,2008-11-05,2008.0,129.0
1852,MIL,SAS,2008-11-12,2008.0,78.0
1872,DAL,SAS,2009-03-04,2008.0,102.0
1908,NJN,SAS,2009-02-10,2008.0,108.0
1933,MIN,SAS,2008-12-12,2008.0,98.0
1943,DAL,SAS,2008-12-09,2008.0,133.0
1947,DAL,SAS,2009-04-23,2008.0,67.0
1948,DAL,SAS,2009-04-25,2008.0,90.0
1967,MEM,SAS,2009-01-02,2008.0,91.0
1973,MIA,SAS,2009-01-05,2008.0,91.0
2012,MEM,SAS,2008-11-24,2008.0,94.0
2016,DEN,SAS,2009-02-03,2008.0,96.0
2089,DEN,SAS,2008-12-04,2008.0,108.0
2108,SAC,SAS,2008-11-16,2008.0,90.0
2126,POR,SAS,2008-10-31,2008.0,99.0
2138,POR,SAS,2009-03-01,2008.0,84.0
2151,SAS,HOU,2008-11-14,2008.0,75.0
2152,SAS,MEM,2008-11-28,2008.0,98.0
2154,SAS,DEN,2008-11-19,2008.0,91.0
2155,SAS,UTA,2008-11-21,2008.0,94.0
2156,SAS,CHI,2008-11-26,2008.0,88.0
2157,SAS,MIA,2008-11-07,2008.0,99.0
2158,SAS,NYK,2008-11-11,2008.0,80.0
2159,SAS,DAL,2008-11-04,2008.0,98.0
2160,SAS,BOS,2009-03-20,2008.0,80.0
2161,SAS,HOU,2009-03-22,2008.0,87.0
2163,SAS,GSW,2009-03-24,2008.0,106.0
2164,SAS,OKC,2009-03-31,2008.0,96.0
2165,SAS,WAS,2009-03-06,2008.0,78.0
2166,SAS,PHX,2009-03-08,2008.0,98.0
2167,SAS,CHA,2009-03-10,2008.0,86.0
2168,SAS,LAL,2009-03-12,2008.0,102.0
2169,SAS,MIN,2009-03-17,2008.0,86.0
2170,SAS,DAL,2009-04-28,2008.0,106.0
2171,SAS,DAL,2009-02-24,2008.0,76.0
2172,SAS,POR,2009-02-25,2008.0,84.0
2173,SAS,DAL,2009-04-20,2008.0,84.0
2174,SAS,DAL,2009-04-18,2008.0,105.0
2175,SAS,LAC,2009-03-27,2008.0,98.0
2188,SAC,SAS,2009-04-12,2008.0,95.0
2214,PHX,SAS,2008-12-25,2008.0,91.0
2249,PHI,SAS,2009-01-16,2008.0,87.0
2291,SAS,NOH,2009-04-15,2008.0,98.0
2309,CHA,SAS,2009-01-19,2008.0,86.0
2315,PHX,SAS,2009-01-29,2008.0,114.0
2321,SAS,CLE,2009-02-27,2008.0,97.0
2325,UTA,SAS,2009-01-27,2008.0,106.0
2347,ATL,SAS,2009-03-25,2008.0,102.0
2380,WAS,DEN,2009-02-06,2008.0,124.0
2381,WAS,ATL,2009-03-02,2008.0,98.0
2382,WAS,NOH,2009-03-11,2008.0,109.0
2383,WAS,ORL,2009-03-13,2008.0,112.0
2384,WAS,SAC,2009-03-15,2008.0,104.0
2385,WAS,CHI,2009-03-23,2008.0,101.0
2386,WAS,CHA,2009-03-25,2008.0,93.0
2390,WAS,NYK,2009-01-16,2008.0,89.0
2391,WAS,PHX,2009-01-26,2008.0,103.0
2392,WAS,LAC,2009-01-31,2008.0,94.0
2393,WAS,MIL,2009-01-12,2008.0,97.0
2394,WAS,CHA,2009-01-10,2008.0,92.0
2395,WAS,CLE,2009-01-04,2008.0,77.0
2396,WAS,TOR,2009-01-07,2008.0,99.0
2398,WAS,NYK,2008-11-07,2008.0,114.0
2399,WAS,UTA,2008-11-12,2008.0,87.0
2400,WAS,ATL,2008-11-29,2008.0,102.0
2401,WAS,ORL,2008-11-27,2008.0,105.0
2402,WAS,GSW,2008-11-25,2008.0,100.0
2403,WAS,HOU,2008-11-21,2008.0,103.0
2404,WAS,MIA,2008-11-18,2008.0,94.0
2405,WAS,NJN,2009-02-04,2008.0,115.0
2407,WAS,MEM,2009-02-02,2008.0,113.0
2408,WAS,CHI,2009-02-27,2008.0,90.0
2414,WAS,DET,2009-03-28,2008.0,98.0
2415,WAS,OKC,2008-12-27,2008.0,95.0
2416,WAS,DAL,2008-12-21,2008.0,97.0
2417,WAS,PHI,2008-12-19,2008.0,109.0
2419,WAS,IND,2008-12-15,2008.0,118.0
2420,WAS,BOS,2008-12-11,2008.0,122.0
2423,WAS,DET,2008-12-09,2008.0,94.0
2424,WAS,LAL,2008-12-05,2008.0,106.0
2425,WAS,POR,2008-12-03,2008.0,98.0
2427,WAS,CLE,2009-04-02,2008.0,101.0
2428,WAS,MIA,2009-04-04,2008.0,118.0
2429,WAS,TOR,2009-04-13,2008.0,97.0
2430,WAS,NJN,2008-10-29,2008.0,95.0
2431,WAS,MIN,2009-02-17,2008.0,103.0
2432,WAS,SAS,2009-02-21,2008.0,98.0
2433,WAS,PHI,2009-02-25,2008.0,106.0
2434,WAS,IND,2009-02-08,2008.0,117.0
2443,TOR,SAS,2009-02-11,2008.0,89.0
2467,SAS,UTA,2009-04-10,2008.0,99.0
2468,SAS,POR,2009-04-08,2008.0,95.0
2469,SAS,GSW,2008-12-06,2008.0,88.0
2470,SAS,NJN,2009-01-23,2008.0,91.0
2471,BOS,SAS,2009-02-08,2008.0,105.0
2472,SAS,MEM,2008-12-27,2008.0,103.0
2473,SAS,ATL,2008-12-10,2008.0,89.0
2474,SAS,MIL,2008-12-30,2008.0,100.0
2475,SAS,LAL,2009-01-14,2008.0,111.0
2476,SAS,IND,2009-01-20,2008.0,81.0
2477,SAS,SAC,2008-12-22,2008.0,85.0
2478,SAS,TOR,2008-12-20,2008.0,97.0
2479,SAS,OKC,2008-12-14,2008.0,104.0
2480,SAS,MIN,2008-12-23,2008.0,93.0
2481,SAS,PHX,2008-10-29,2008.0,103.0
2482,SAS,LAC,2009-01-08,2008.0,84.0
2483,SAS,ORL,2009-01-11,2008.0,105.0
2484,SAS,DET,2008-12-02,2008.0,89.0
2485,SAS,PHI,2009-01-03,2008.0,106.0
2486,SAS,NOH,2009-01-31,2008.0,93.0
2599,ORL,SAS,2008-12-18,2008.0,78.0
2645,SAS,TOR,2009-11-09,2009.0,124.0
2673,SAS,GSW,2009-11-25,2009.0,104.0
2684,DEN,SAS,2010-04-10,2009.0,104.0
2688,MEM,SAS,2010-01-16,2009.0,86.0
2689,SAS,MIL,2009-11-23,2009.0,98.0
2696,SAS,DAL,2009-11-11,2009.0,83.0
2698,BOS,SAS,2010-03-28,2009.0,94.0
2702,SAS,PHI,2009-11-29,2009.0,89.0
2708,DET,SAS,2010-02-21,2009.0,101.0
2713,SAS,OKC,2009-11-14,2009.0,101.0
2721,SAS,UTA,2009-11-19,2009.0,90.0
2756,LAL,SAS,2010-04-04,2009.0,100.0
2777,LAL,SAS,2010-02-08,2009.0,89.0
2794,TOR,SAS,2010-01-03,2009.0,86.0
2818,SAS,SAC,2009-10-31,2009.0,94.0
2819,SAS,WAS,2009-11-21,2009.0,84.0
2835,MIA,SAS,2010-03-16,2009.0,88.0
2849,DEN,SAS,2010-02-11,2009.0,111.0
2854,NYK,SAS,2009-12-27,2009.0,95.0
2861,SAS,OKC,2010-02-24,2009.0,87.0
2863,SAS,PHX,2010-02-28,2009.0,110.0
2921,SAS,HOU,2010-03-31,2009.0,102.0
2923,SAS,UTA,2010-01-20,2009.0,105.0
2929,SAS,ATL,2010-01-27,2009.0,90.0
2931,SAS,HOU,2010-01-22,2009.0,116.0
2934,SAS,CHI,2010-01-25,2009.0,98.0
2935,SAS,MEM,2010-01-29,2009.0,97.0
2937,SAS,DEN,2010-01-31,2009.0,103.0
2940,SAS,LAC,2009-12-21,2009.0,87.0
2941,SAS,ORL,2010-04-02,2009.0,100.0
2955,SAS,DET,2010-01-06,2009.0,92.0
2956,SAS,DAL,2010-01-08,2009.0,112.0
2958,SAS,NJN,2010-01-10,2009.0,85.0
2960,SAS,LAL,2010-01-12,2009.0,85.0
2966,SAS,BOS,2009-12-03,2009.0,90.0
2968,SAS,NOH,2009-10-28,2009.0,96.0
2977,SAS,SAC,2009-12-09,2009.0,106.0
2978,SAS,PHX,2010-05-07,2009.0,110.0
2979,SAS,PHX,2010-05-09,2009.0,107.0
2980,SAS,DEN,2009-12-05,2009.0,106.0
2981,SAS,CHA,2009-12-11,2009.0,85.0
2982,SAS,DAL,2010-04-29,2009.0,87.0
2985,SAS,DAL,2010-04-25,2009.0,89.0
2989,SAS,LAL,2010-03-24,2009.0,92.0
2990,SAS,CLE,2010-03-26,2009.0,97.0
2991,SAS,NYK,2010-03-10,2009.0,87.0
2994,SAS,NOH,2010-03-05,2009.0,91.0
2995,SAS,LAC,2010-03-13,2009.0,88.0
2996,SAS,GSW,2010-03-19,2009.0,116.0
2999,SAS,DAL,2010-04-23,2009.0,90.0
3002,SAS,IND,2009-12-19,2009.0,99.0
3005,MEM,SAS,2010-03-06,2009.0,102.0
3008,SAS,MEM,2010-04-09,2009.0,107.0
3010,SAS,MIN,2010-04-12,2009.0,111.0
3014,SAS,MIA,2009-12-31,2009.0,78.0
3017,SAS,POR,2009-12-23,2009.0,98.0
3023,SAS,MIN,2009-12-29,2009.0,99.0
3053,WAS,PHI,2009-11-24,2009.0,107.0
3061,GSW,SAS,2009-12-16,2009.0,103.0
3075,WAS,CHA,2009-11-28,2009.0,92.0
3078,WAS,CLE,2009-11-18,2009.0,91.0
3089,UTA,SAS,2009-12-07,2009.0,101.0
3134,WAS,MIA,2009-11-04,2009.0,93.0
3138,HOU,SAS,2009-11-27,2009.0,92.0
3141,WAS,CHI,2010-04-02,2009.0,95.0
3142,WAS,NJN,2010-04-04,2009.0,99.0
3143,ATL,SAS,2010-03-21,2009.0,114.0
3144,WAS,GSW,2010-04-06,2009.0,94.0
3146,WAS,ATL,2010-04-10,2009.0,105.0
3149,WAS,IND,2010-04-14,2009.0,97.0
3153,WAS,SAS,2010-01-02,2009.0,97.0
3155,WAS,BOS,2010-02-01,2009.0,99.0
3156,WAS,MIN,2010-02-17,2009.0,99.0
3157,WAS,DEN,2010-02-19,2009.0,97.0
3161,WAS,MIL,2010-03-05,2009.0,102.0
3167,WAS,ATL,2010-03-11,2009.0,105.0
3168,WAS,ORL,2010-03-13,2009.0,109.0
3169,WAS,CHA,2010-03-23,2009.0,95.0
3170,WAS,UTA,2010-03-27,2009.0,103.0
3184,WAS,HOU,2010-03-09,2009.0,96.0
3187,WAS,CHI,2010-02-22,2009.0,95.0
3188,WAS,NYK,2010-02-26,2009.0,118.0
3189,WAS,PHI,2009-12-22,2009.0,98.0
3190,WAS,OKC,2009-12-29,2009.0,110.0
3193,HOU,SAS,2010-02-26,2009.0,104.0
3197,WAS,NJN,2009-10-31,2009.0,104.0
3199,WAS,IND,2009-12-12,2009.0,114.0
3200,WAS,MIL,2009-12-02,2009.0,102.0
3202,WAS,TOR,2009-12-04,2009.0,109.0
3203,WAS,BOS,2009-12-10,2009.0,104.0
3207,WAS,DET,2009-11-14,2009.0,106.0
3209,WAS,PHX,2009-11-08,2009.0,102.0
3213,WAS,MEM,2010-02-24,2009.0,99.0
3218,WAS,ORL,2010-01-08,2009.0,97.0
3219,WAS,NOH,2010-01-10,2009.0,115.0
3220,WAS,DET,2010-01-12,2009.0,99.0
3222,WAS,SAC,2010-01-16,2009.0,86.0
3223,WAS,POR,2010-01-18,2009.0,92.0
3226,WAS,DAL,2010-01-20,2009.0,94.0
3227,WAS,MIA,2010-01-22,2009.0,112.0
3229,WAS,LAC,2010-01-24,2009.0,92.0
3231,WAS,LAL,2010-01-26,2009.0,115.0
3234,WAS,NYK,2010-01-30,2009.0,96.0
3281,LAC,SAS,2009-12-13,2009.0,115.0
3288,CHI,SAS,2009-10-29,2009.0,85.0
3336,LAC,SAS,2010-02-06,2009.0,98.0
3339,OKC,SAS,2010-03-22,2009.0,99.0
3367,ORL,SAS,2010-03-17,2009.0,84.0
3386,UTA,SAS,2009-11-05,2009.0,99.0
3389,IND,SAS,2010-02-17,2009.0,90.0
3440,OKC,SAS,2010-01-13,2009.0,109.0
3494,NJN,SAS,2010-03-29,2009.0,84.0
3496,PHX,SAS,2009-12-15,2009.0,104.0
3520,DAL,SAS,2010-04-14,2009.0,89.0
3526,DAL,SAS,2010-04-21,2009.0,102.0
3559,POR,SAS,2010-02-04,2009.0,93.0
3575,DAL,SAS,2010-04-18,2009.0,94.0
3599,POR,SAS,2009-11-06,2009.0,84.0
3605,MIN,SAS,2010-03-12,2009.0,103.0
3692,CHA,SAS,2010-01-15,2009.0,76.0
3696,DAL,SAS,2010-04-27,2009.0,81.0
3738,SAC,SAS,2010-04-06,2009.0,95.0
3745,SAC,SAS,2010-02-03,2009.0,115.0
3761,PHX,SAS,2010-05-05,2009.0,102.0
3788,PHX,SAS,2010-04-07,2009.0,101.0
3801,NOH,SAS,2010-03-01,2009.0,106.0
3820,PHX,SAS,2010-05-03,2009.0,102.0
3827,CLE,SAS,2010-03-08,2009.0,95.0
3840,NOH,SAS,2010-01-18,2009.0,97.0
3855,PHI,SAS,2010-02-19,2009.0,94.0
3870,MIL,SAS,2009-12-26,2009.0,112.0
3932,DAL,SAS,2009-11-18,2009.0,94.0
3975,UTA,SAS,2010-11-19,2010.0,94.0
4003,OKC,SAS,2010-11-14,2010.0,117.0
4011,UTA,SAS,2011-01-26,2010.0,112.0
4020,LAC,SAS,2010-11-01,2010.0,97.0
4067,ORL,SAS,2010-12-23,2010.0,101.0
4084,WAS,CLE,2010-11-06,2010.0,107.0
4085,WAS,PHI,2010-11-02,2010.0,115.0
4102,PHI,SAS,2011-02-11,2010.0,71.0
4107,NOH,SAS,2011-01-22,2010.0,72.0
4113,WAS,DEN,2011-01-25,2010.0,120.0
4118,WAS,GSW,2011-03-02,2010.0,106.0
4122,WAS,BOS,2011-01-22,2010.0,83.0
4128,WAS,PHX,2011-01-21,2010.0,109.0
4129,HOU,SAS,2011-03-12,2010.0,115.0
4136,WAS,NOH,2011-01-01,2010.0,92.0
4143,WAS,MIL,2011-03-08,2010.0,95.0
4147,WAS,LAC,2011-03-12,2010.0,122.0
4148,GSW,SAS,2010-11-30,2010.0,118.0
4149,WAS,OKC,2011-03-14,2010.0,116.0
4156,WAS,MIA,2011-03-30,2010.0,123.0
4157,GSW,SAS,2011-01-24,2010.0,113.0
4165,WAS,NJN,2011-03-20,2010.0,92.0
4166,WAS,MIN,2011-03-05,2010.0,96.0
4167,WAS,GSW,2011-03-02,2010.0,106.0
4169,WAS,MIN,2011-03-05,2010.0,96.0
4170,WAS,HOU,2010-11-10,2010.0,91.0
4171,WAS,CHA,2010-11-12,2010.0,93.0
4172,WAS,UTA,2011-01-17,2010.0,101.0
4174,WAS,MIL,2011-03-08,2010.0,95.0
4175,WAS,TOR,2011-01-15,2010.0,95.0
4176,WAS,LAC,2011-03-12,2010.0,122.0
4177,WAS,OKC,2011-03-14,2010.0,116.0
4179,WAS,SAC,2011-01-11,2010.0,133.0
4183,WAS,NJN,2011-03-20,2010.0,92.0
4185,WAS,NJN,2011-01-07,2010.0,77.0
4186,WAS,ORL,2010-11-27,2010.0,100.0
4187,WAS,PHI,2010-11-23,2010.0,114.0
4188,WAS,MEM,2010-11-19,2010.0,86.0
4190,WAS,TOR,2010-11-16,2010.0,94.0
4191,WAS,MIA,2011-03-30,2010.0,123.0
4192,NOH,SAS,2010-11-28,2010.0,109.0
4199,HOU,SAS,2011-03-12,2010.0,115.0
4228,WAS,NYK,2010-12-10,2010.0,101.0
4229,WAS,LAL,2010-12-14,2010.0,103.0
4254,IND,SAS,2011-01-07,2010.0,90.0
4263,NJN,SAS,2011-02-14,2010.0,102.0
4265,WAS,POR,2010-12-03,2010.0,79.0
4266,WAS,DAL,2011-02-26,2010.0,105.0
4299,WAS,CHI,2011-02-28,2010.0,105.0
4304,WAS,IND,2010-12-29,2010.0,90.0
4305,WAS,MIA,2010-12-18,2010.0,95.0
4307,WAS,ATL,2011-02-05,2010.0,99.0
4308,WAS,MIL,2011-02-09,2010.0,85.0
4312,WAS,CHA,2010-12-20,2010.0,75.0
4314,WAS,ORL,2011-02-04,2010.0,110.0
4318,WAS,IND,2011-02-22,2010.0,113.0
4319,WAS,SAS,2011-02-12,2010.0,118.0
4328,WAS,CHI,2010-12-22,2010.0,87.0
4353,MEM,SAS,2011-03-01,2010.0,93.0
4354,SAS,HOU,2011-01-29,2010.0,95.0
4368,SAS,ORL,2010-11-22,2010.0,97.0
4370,SAS,DAL,2010-11-26,2010.0,103.0
4372,SAS,GSW,2011-03-21,2010.0,96.0
4373,SAS,CHI,2010-11-17,2010.0,94.0
4374,SAS,CLE,2010-11-20,2010.0,92.0
4375,SAS,CHA,2011-03-19,2010.0,98.0
4377,SAS,POR,2011-03-28,2010.0,100.0
4379,SAS,IND,2010-10-27,2010.0,109.0
4380,SAS,NOH,2010-10-30,2010.0,99.0
4381,SAS,HOU,2010-11-06,2010.0,121.0
4382,SAS,MIN,2011-01-09,2010.0,91.0
4397,MEM,SAS,2011-03-27,2010.0,104.0
4405,SAS,DEN,2010-12-22,2010.0,103.0
4406,SAS,DET,2011-03-09,2010.0,104.0
4410,SAS,SAC,2011-03-11,2010.0,103.0
4412,SAS,MEM,2010-12-18,2010.0,106.0
4415,SAS,OKC,2011-02-23,2010.0,105.0
4418,SAS,POR,2010-12-12,2010.0,78.0
4419,SAS,MEM,2011-02-27,2010.0,88.0
4424,SAS,GSW,2011-03-21,2010.0,96.0
4433,SAS,LAL,2011-03-06,2010.0,99.0
4438,SAS,NJN,2011-02-25,2010.0,96.0
4439,SAS,OKC,2011-01-01,2010.0,74.0
4441,SAS,LAL,2010-12-28,2010.0,82.0
4443,SAS,DET,2011-03-09,2010.0,104.0
4447,SAS,SAC,2011-03-11,2010.0,103.0
4448,MEM,SAS,2011-03-27,2010.0,104.0
4451,SAS,DEN,2011-01-16,2010.0,97.0
4456,SAS,DAL,2011-01-14,2010.0,89.0
4457,SAS,LAL,2011-03-06,2010.0,99.0
4465,SAS,MIA,2011-03-04,2010.0,95.0
4467,SAS,TOR,2011-01-19,2010.0,95.0
4473,SAS,NYK,2011-01-21,2010.0,92.0
4476,SAS,LAC,2010-11-10,2010.0,95.0
4477,SAS,BOS,2011-03-31,2010.0,107.0
4478,SAS,PHI,2010-11-13,2010.0,93.0
4492,NYK,SAS,2011-01-04,2010.0,115.0
4493,MIA,SAS,2011-03-14,2010.0,80.0
4545,SAC,SAS,2011-02-04,2010.0,113.0
4550,SAS,WAS,2010-12-26,2010.0,80.0
4556,MIA,SAS,2011-03-14,2010.0,80.0
4558,SAS,GSW,2010-12-08,2010.0,94.0
4560,SAS,POR,2011-03-28,2010.0,100.0
4569,SAS,MIN,2010-12-03,2010.0,101.0
4582,POR,SAS,2011-03-25,2010.0,96.0
4585,SAS,NOH,2010-12-05,2010.0,84.0
4588,SAS,BOS,2011-03-31,2010.0,107.0
4623,MIL,SAS,2011-01-12,2010.0,91.0
4625,SAS,PHX,2010-12-20,2010.0,110.0
4645,TOR,SAS,2011-02-09,2010.0,111.0
4649,LAC,SAS,2010-12-01,2010.0,85.0
4656,MIN,SAS,2011-01-11,2010.0,107.0
4667,LAL,SAS,2011-02-03,2010.0,89.0
4805,POR,SAS,2011-03-25,2010.0,96.0
4812,SAS,CHA,2011-03-19,2010.0,98.0
4820,SAS,MIL,2010-12-15,2010.0,90.0
4821,SAS,ATL,2010-12-10,2010.0,92.0
4823,SAS,MIA,2011-03-04,2010.0,95.0
4838,POR,SAS,2011-02-01,2010.0,86.0
4874,PHX,SAS,2010-11-03,2010.0,112.0
4899,MIN,SAS,2010-11-24,2010.0,113.0
4920,MEM,SAS,2011-03-01,2010.0,93.0
4925,DEN,SAS,2010-12-16,2010.0,113.0
4954,DAL,SAS,2010-12-30,2010.0,99.0
5087,BOS,SAS,2011-01-05,2010.0,103.0
5097,DEN,SAS,2011-03-23,2010.0,112.0
5112,DET,SAS,2011-02-08,2010.0,100.0
5133,DAL,SAS,2011-03-18,2010.0,97.0
5139,DAL,SAS,2011-03-18,2010.0,97.0
5140,DEN,SAS,2011-03-23,2010.0,112.0
5162,CLE,SAS,2011-03-02,2010.0,109.0
5183,CHI,SAS,2011-02-17,2010.0,99.0
5228,CHA,SAS,2010-11-08,2010.0,95.0
5267,CLE,SAS,2011-03-02,2010.0,109.0
5335,SAS,DEN,2012-01-07,2011.0,117.0
5342,SAS,PHX,2012-01-15,2011.0,91.0
5349,SAS,POR,2012-01-13,2011.0,83.0
5369,SAS,HOU,2012-02-01,2011.0,91.0
5373,PHI,SAS,2012-02-08,2011.0,100.0
5374,SAS,HOU,2012-01-11,2011.0,95.0
5381,SAS,MEM,2011-12-26,2011.0,82.0
5390,SAS,CHI,2012-02-29,2011.0,96.0
5392,DEN,SAS,2012-02-23,2011.0,114.0
5402,SAS,OKC,2012-05-29,2011.0,111.0
5409,SAS,LAC,2011-12-28,2011.0,90.0
5460,CLE,SAS,2012-04-03,2011.0,125.0
5484,PHX,SAS,2012-04-25,2011.0,110.0
5497,SAS,SAC,2012-01-20,2011.0,88.0
5509,SAS,GSW,2012-01-04,2011.0,95.0
5530,SAS,NOH,2012-04-06,2011.0,103.0
5534,SAS,DAL,2012-01-05,2011.0,71.0
5538,SAS,NOH,2012-02-02,2011.0,81.0
5553,MIN,SAS,2012-01-02,2011.0,96.0
5577,LAL,SAS,2012-04-17,2011.0,112.0
5615,NOH,SAS,2012-01-23,2011.0,104.0
5629,TOR,SAS,2012-02-15,2011.0,113.0
5641,NJN,SAS,2012-02-11,2011.0,103.0
5651,SAS,NYK,2012-03-07,2011.0,105.0
5654,SAS,CHA,2012-03-02,2011.0,72.0
5706,DET,SAS,2012-02-14,2011.0,99.0
5707,SAS,DEN,2012-03-04,2011.0,99.0
5730,SAS,DAL,2012-03-23,2011.0,87.0
5737,LAC,SAS,2012-05-20,2011.0,102.0
5745,MEM,SAS,2012-01-30,2011.0,83.0
5746,SAS,WAS,2012-03-12,2011.0,97.0
5753,SAS,PHI,2012-03-25,2011.0,76.0
5775,SAS,OKC,2012-02-04,2011.0,96.0
5785,SAS,IND,2012-03-31,2011.0,103.0
5786,SAS,UTA,2012-04-08,2011.0,104.0
5791,SAS,ATL,2012-01-25,2011.0,83.0
5800,LAC,SAS,2012-02-18,2011.0,103.0
5801,LAC,SAS,2012-05-19,2011.0,96.0
5809,SAS,PHX,2012-04-14,2011.0,91.0
5815,NOH,SAS,2012-03-24,2011.0,89.0
5817,SAS,UTA,2012-04-29,2011.0,91.0
5822,SAS,LAL,2012-04-20,2011.0,97.0
5834,SAS,LAL,2012-04-11,2011.0,98.0
5837,SAS,MEM,2012-04-12,2011.0,97.0
5845,SAS,CLE,2012-04-22,2011.0,98.0
5847,SAS,MIN,2012-03-21,2011.0,100.0
5854,SAS,UTA,2012-05-02,2011.0,83.0
5857,SAS,LAC,2012-05-17,2011.0,88.0
5865,SAS,LAC,2012-05-15,2011.0,92.0
5871,SAS,POR,2012-04-23,2011.0,89.0
5873,SAS,OKC,2012-05-27,2011.0,98.0
5878,PHX,SAS,2012-03-27,2011.0,107.0
5885,MEM,SAS,2012-02-06,2011.0,89.0
5920,ORL,SAS,2012-01-18,2011.0,85.0
5944,OKC,SAS,2012-06-02,2011.0,103.0
5953,OKC,SAS,2012-06-06,2011.0,99.0
5977,WAS,NYK,2012-02-08,2011.0,107.0
5978,WAS,SAC,2012-02-22,2011.0,115.0
6020,WAS,ORL,2012-02-29,2011.0,102.0
6024,WAS,ATL,2012-03-24,2011.0,95.0
6025,WAS,CLE,2012-03-03,2011.0,98.0
6026,WAS,LAC,2012-02-04,2011.0,107.0
6032,WAS,NYK,2012-01-06,2011.0,99.0
6037,WAS,POR,2012-03-10,2011.0,110.0
6038,DAL,SAS,2012-01-29,2011.0,100.0
6051,WAS,LAL,2012-03-07,2011.0,101.0
6052,WAS,GSW,2012-03-05,2011.0,120.0
6053,WAS,PHI,2012-03-30,2011.0,76.0
6054,WAS,TOR,2012-02-06,2011.0,108.0
6055,WAS,MIA,2012-02-10,2011.0,106.0
6056,WAS,IND,2012-03-22,2011.0,85.0
6057,WAS,DET,2012-03-26,2011.0,79.0
6059,POR,SAS,2012-02-21,2011.0,97.0
6061,WAS,MIN,2012-01-08,2011.0,93.0
6063,WAS,BOS,2012-01-01,2011.0,94.0
6065,HOU,SAS,2011-12-29,2011.0,85.0
6067,WAS,HOU,2012-01-16,2011.0,114.0
6069,WAS,PHI,2012-01-14,2011.0,103.0
6070,WAS,MIA,2012-04-26,2011.0,70.0
6071,WAS,CHA,2012-04-23,2011.0,73.0
6072,WAS,MIL,2012-04-18,2011.0,112.0
6074,WAS,CLE,2012-04-14,2011.0,98.0
6076,WAS,ORL,2012-04-10,2011.0,85.0
6078,WAS,MIL,2012-04-02,2011.0,112.0
6081,WAS,TOR,2012-01-10,2011.0,78.0
6085,WAS,IND,2012-04-04,2011.0,109.0
6087,DAL,SAS,2012-03-17,2011.0,99.0
6088,WAS,DEN,2012-01-20,2011.0,108.0
6095,OKC,SAS,2012-03-16,2011.0,114.0
6097,WAS,OKC,2012-01-18,2011.0,102.0
6101,WAS,CHI,2012-01-30,2011.0,98.0
6102,WAS,CHA,2012-01-25,2011.0,75.0
6103,WAS,BOS,2012-01-22,2011.0,100.0
6109,MIA,SAS,2012-01-17,2011.0,98.0
6171,GSW,SAS,2012-04-16,2011.0,120.0
6178,OKC,SAS,2012-05-31,2011.0,82.0
6199,SAC,SAS,2012-04-18,2011.0,127.0
6205,HOU,SAS,2012-01-21,2011.0,102.0
6208,SAC,SAS,2012-03-28,2011.0,117.0
6214,OKC,SAS,2012-01-08,2011.0,96.0
6262,UTA,SAS,2012-02-20,2011.0,106.0
6264,MIL,SAS,2012-01-10,2011.0,103.0
6279,WAS,NJN,2011-12-26,2011.0,90.0
6282,UTA,SAS,2012-04-09,2011.0,84.0
6304,GSW,SAS,2012-04-26,2011.0,107.0
6310,UTA,SAS,2012-05-07,2011.0,87.0
6313,MIN,SAS,2012-01-27,2011.0,79.0
6318,UTA,SAS,2012-05-05,2011.0,102.0
6323,BOS,SAS,2012-04-04,2011.0,87.0
6349,SAS,LAC,2012-03-09,2011.0,120.0
6367,SAS,OKC,2012-06-04,2011.0,108.0
6388,SAS,UTA,2011-12-31,2011.0,89.0
6389,SAS,ORL,2012-03-14,2011.0,111.0
6402,SAS,OKC,2012-11-01,2012.0,84.0
6405,SAS,TOR,2012-12-26,2012.0,80.0
6414,DAL,SAS,2012-12-30,2012.0,111.0
6416,SAS,MIN,2013-01-13,2012.0,88.0
6419,SAS,PHI,2013-01-05,2012.0,86.0
6424,SAS,PHX,2013-01-26,2012.0,99.0
6433,MIN,SAS,2013-02-06,2012.0,104.0
6434,SAS,DEN,2013-03-27,2012.0,99.0
6443,SAS,MEM,2013-05-21,2012.0,89.0
6456,SAS,PHX,2013-02-27,2012.0,105.0
6464,SAS,DET,2013-03-03,2012.0,75.0
6478,LAL,SAS,2012-11-13,2012.0,84.0
6486,SAC,SAS,2012-11-09,2012.0,97.0
6487,SAS,MEM,2013-05-19,2012.0,83.0
6506,SAS,GSW,2013-03-20,2012.0,93.0
6510,SAS,DAL,2012-12-23,2012.0,91.0
6527,SAS,BKN,2012-12-31,2012.0,73.0
6532,SAS,MIL,2012-12-05,2012.0,99.0
6535,SAS,HOU,2012-12-28,2012.0,116.0
6539,DEN,SAS,2012-12-18,2012.0,106.0
6542,SAS,NOH,2013-01-23,2012.0,102.0
6547,SAS,POR,2013-03-08,2012.0,136.0
6549,POR,SAS,2012-12-13,2012.0,90.0
6552,SAS,MEM,2012-12-01,2012.0,95.0
6561,SAS,MEM,2013-01-16,2012.0,82.0
6563,SAS,CHI,2013-03-06,2012.0,83.0
6578,SAS,CHA,2013-01-30,2012.0,78.0
6589,SAS,UTA,2013-03-22,2012.0,97.0
6595,SAS,GSW,2013-05-14,2012.0,91.0
6597,SAS,NOH,2012-12-21,2012.0,94.0
6599,SAS,LAC,2013-03-29,2012.0,102.0
6600,SAS,LAL,2013-01-09,2012.0,105.0
6604,SAS,GSW,2013-05-08,2012.0,100.0
6608,SAS,DAL,2013-03-14,2012.0,91.0
6610,SAS,OKC,2013-03-11,2012.0,93.0
6623,SAS,BOS,2012-12-15,2012.0,88.0
6630,SAS,HOU,2012-12-07,2012.0,92.0
6632,SAS,SAC,2013-03-01,2012.0,102.0
6634,SAS,CLE,2013-03-16,2012.0,113.0
6639,MIA,SAS,2013-06-18,2012.0,100.0
6652,SAS,IND,2012-11-05,2012.0,79.0
6653,SAS,UTA,2012-11-03,2012.0,100.0
6662,SAS,SAC,2013-04-12,2012.0,101.0
6701,MIA,SAS,2012-11-29,2012.0,100.0
6703,BKN,SAS,2013-02-10,2012.0,111.0
6704,SAS,NYK,2012-11-15,2012.0,104.0
6714,MEM,SAS,2013-05-25,2012.0,104.0
6719,SAS,MIA,2013-06-11,2012.0,77.0
6735,SAS,MIA,2013-06-13,2012.0,109.0
6736,MIA,SAS,2013-06-20,2012.0,88.0
6740,SAS,MIN,2013-04-17,2012.0,108.0
6744,MIA,SAS,2013-06-06,2012.0,92.0
6757,SAS,MIA,2013-06-16,2012.0,104.0
6776,DEN,SAS,2013-04-10,2012.0,86.0
6782,POR,SAS,2012-11-10,2012.0,112.0
6790,MEM,SAS,2013-05-27,2012.0,93.0
6804,SAS,LAL,2013-04-24,2012.0,91.0
6820,SAS,LAL,2013-04-21,2012.0,79.0
6838,SAS,ATL,2013-04-06,2012.0,97.0
6848,BOS,SAS,2012-11-21,2012.0,112.0
6851,MIA,SAS,2013-06-09,2012.0,84.0
6853,SAS,GSW,2013-05-06,2012.0,127.0
6857,PHX,SAS,2013-02-24,2012.0,97.0
6866,SAC,SAS,2013-02-19,2012.0,108.0
6872,SAS,MIA,2013-03-31,2012.0,88.0
6875,MEM,SAS,2013-04-01,2012.0,90.0
6880,SAS,WAS,2013-02-02,2012.0,86.0
6899,MIL,SAS,2013-01-02,2012.0,117.0
6908,MIN,SAS,2013-03-12,2012.0,83.0
6930,SAS,ORL,2013-04-03,2012.0,84.0
6933,DAL,SAS,2013-01-25,2012.0,113.0
6937,SAS,DEN,2012-11-17,2012.0,100.0
6938,MEM,SAS,2013-01-11,2012.0,98.0
6942,SAS,LAC,2012-11-19,2012.0,92.0
6959,GSW,SAS,2013-05-16,2012.0,94.0
6979,GSW,SAS,2013-05-10,2012.0,102.0
7005,IND,SAS,2012-11-23,2012.0,104.0
7073,DET,SAS,2013-02-08,2012.0,109.0
7146,GSW,SAS,2013-05-12,2012.0,87.0
7175,NYK,SAS,2013-01-03,2012.0,83.0
7192,WAS,IND,2012-11-19,2012.0,96.0
7193,WAS,NYK,2013-02-06,2012.0,96.0
7197,WAS,NOH,2013-03-15,2012.0,87.0
7203,WAS,LAC,2013-02-04,2012.0,90.0
7205,ORL,SAS,2012-11-28,2012.0,110.0
7207,WAS,PHI,2013-04-12,2012.0,97.0
7210,WAS,MIA,2013-04-10,2012.0,103.0
7219,WAS,CHA,2012-11-24,2012.0,108.0
7225,CHI,SAS,2013-02-11,2012.0,103.0
7228,WAS,BKN,2013-02-08,2012.0,74.0
7230,WAS,UTA,2012-11-17,2012.0,83.0
7231,WAS,PHX,2013-03-16,2012.0,105.0
7234,WAS,MEM,2013-03-25,2012.0,94.0
7235,HOU,SAS,2012-12-10,2012.0,134.0
7241,WAS,TOR,2013-03-31,2012.0,92.0
7244,WAS,POR,2012-11-28,2012.0,82.0
7246,WAS,SAS,2012-11-26,2012.0,118.0
7252,WAS,ORL,2013-01-14,2012.0,91.0
7256,WAS,ORL,2012-12-28,2012.0,97.0
7258,WAS,CLE,2012-12-26,2012.0,87.0
7260,WAS,NYK,2013-03-01,2012.0,96.0
7261,WAS,DET,2012-12-22,2012.0,96.0
7262,WAS,ATL,2012-12-18,2012.0,100.0
7263,WAS,LAL,2012-12-14,2012.0,102.0
7265,WAS,PHI,2013-03-03,2012.0,87.0
7266,WAS,GSW,2012-12-08,2012.0,101.0
7267,WAS,MIA,2012-12-04,2012.0,101.0
7269,WAS,CHA,2013-03-09,2012.0,87.0
7271,GSW,SAS,2013-02-22,2012.0,101.0
7272,WAS,MIL,2013-03-13,2012.0,93.0
7287,OKC,SAS,2013-04-04,2012.0,88.0
7291,WAS,MIN,2013-01-25,2012.0,101.0
7293,WAS,CHI,2013-01-26,2012.0,73.0
7295,WAS,SAC,2013-01-28,2012.0,96.0
7305,WAS,DAL,2013-01-01,2012.0,103.0
7307,WAS,BKN,2013-01-04,2012.0,115.0
7309,WAS,OKC,2013-01-07,2012.0,99.0
7310,WAS,ATL,2013-01-12,2012.0,83.0
7342,WAS,CHI,2013-04-02,2012.0,86.0
7370,WAS,IND,2013-04-06,2012.0,85.0
7388,WAS,MIL,2012-11-09,2012.0,101.0
7389,WAS,BOS,2012-11-03,2012.0,89.0
7390,WAS,TOR,2013-02-19,2012.0,96.0
7394,WAS,DEN,2013-02-22,2012.0,113.0
7396,GSW,SAS,2013-04-15,2012.0,106.0
7398,WAS,HOU,2013-02-23,2012.0,103.0
7399,HOU,SAS,2013-03-24,2012.0,95.0
7403,WAS,DET,2013-02-27,2012.0,96.0
7415,OKC,SAS,2012-12-17,2012.0,93.0
7429,ATL,SAS,2013-01-19,2012.0,98.0
7502,LAL,SAS,2013-04-28,2012.0,103.0
7523,CLE,SAS,2013-02-13,2012.0,96.0
7548,CHA,SAS,2012-12-08,2012.0,132.0
7562,LAL,SAS,2013-04-14,2012.0,86.0
7580,NOH,SAS,2012-10-31,2012.0,99.0
7596,LAL,SAS,2013-04-26,2012.0,120.0
7611,TOR,SAS,2012-11-25,2012.0,111.0
7642,UTA,SAS,2012-12-12,2012.0,96.0
7643,SAS,GSW,2013-01-18,2012.0,88.0
7660,LAC,SAS,2012-11-07,2012.0,84.0
7690,NOH,SAS,2013-01-07,2012.0,88.0
7698,PHI,SAS,2013-01-21,2012.0,90.0
7699,LAC,SAS,2013-02-21,2012.0,116.0
7724,CHI,SAS,2014-03-11,2013.0,104.0
7732,OKC,SAS,2014-05-31,2013.0,112.0
7736,CHA,SAS,2014-02-08,2013.0,104.0
7768,OKC,SAS,2014-05-27,2013.0,92.0
7769,POR,SAS,2013-11-02,2013.0,105.0
7779,OKC,SAS,2013-11-27,2013.0,88.0
7790,OKC,SAS,2014-04-03,2013.0,94.0
7795,POR,SAS,2014-05-10,2013.0,118.0
7816,PHX,SAS,2014-02-21,2013.0,85.0
7921,MIL,SAS,2013-12-11,2013.0,109.0
7926,CLE,SAS,2014-03-04,2013.0,122.0
7946,BKN,SAS,2014-02-06,2013.0,89.0
7958,DAL,SAS,2014-04-26,2013.0,108.0
7959,DAL,SAS,2014-04-28,2013.0,93.0
8020,NOP,SAS,2014-02-03,2013.0,102.0
8083,NOP,SAS,2014-01-13,2013.0,101.0
8092,MIN,SAS,2014-04-08,2013.0,91.0
8115,PHI,SAS,2013-11-11,2013.0,109.0
8121,POR,SAS,2014-05-12,2013.0,92.0
8127,POR,SAS,2014-02-19,2013.0,111.0
8142,PHX,SAS,2013-12-18,2013.0,108.0
8183,OKC,SAS,2014-05-25,2013.0,97.0
8213,ORL,SAS,2013-11-29,2013.0,109.0
8242,DAL,SAS,2014-04-10,2013.0,109.0
8273,NYK,SAS,2013-11-10,2013.0,120.0
8280,DAL,SAS,2013-12-26,2013.0,116.0
8304,MEM,SAS,2013-11-22,2013.0,102.0
8307,SAS,GSW,2014-04-02,2013.0,90.0
8310,SAS,DAL,2014-04-20,2013.0,85.0
8313,SAS,LAL,2014-04-16,2013.0,113.0
8321,SAS,PHX,2014-04-11,2013.0,104.0
8330,SAS,OKC,2013-12-21,2013.0,113.0
8347,SAS,MEM,2014-04-06,2013.0,92.0
8359,SAS,POR,2014-05-06,2013.0,92.0
8360,SAS,DAL,2014-05-04,2013.0,96.0
8361,SAS,PHX,2013-11-06,2013.0,96.0
8366,SAS,MIA,2014-03-06,2013.0,87.0
8372,SAS,ORL,2014-03-08,2013.0,112.0
8376,SAS,PHI,2014-03-24,2013.0,91.0
8378,SAS,DAL,2014-03-02,2013.0,106.0
8380,LAL,SAS,2014-03-19,2013.0,125.0
8385,SAS,DAL,2014-01-08,2013.0,90.0
8387,SAS,POR,2014-05-08,2013.0,97.0
8401,SAS,OKC,2014-05-29,2013.0,89.0
8402,SAS,OKC,2014-05-21,2013.0,77.0
8404,SAS,OKC,2014-05-19,2013.0,105.0
8407,SAS,POR,2014-05-14,2013.0,82.0
8408,SAS,MIA,2014-06-05,2013.0,95.0
8410,SAS,MIA,2014-06-08,2013.0,98.0
8413,SAS,MIA,2014-06-15,2013.0,87.0
8423,DEN,SAS,2013-11-05,2013.0,102.0
8429,IND,SAS,2014-03-31,2013.0,103.0
8430,SAS,CHA,2014-02-28,2013.0,82.0
8442,SAS,DET,2014-02-26,2013.0,110.0
8447,SAS,ATL,2013-12-02,2013.0,100.0
8452,SAS,BOS,2013-11-20,2013.0,93.0
8456,SAS,SAC,2014-02-01,2013.0,93.0
8459,SAS,DAL,2014-04-30,2013.0,103.0
8461,SAS,MEM,2013-10-30,2013.0,94.0
8465,SAS,DAL,2014-04-23,2013.0,113.0
8470,UTA,SAS,2013-11-15,2013.0,91.0
8493,SAS,HOU,2013-12-25,2013.0,111.0
8494,SAS,WAS,2013-11-13,2013.0,79.0
8496,SAS,SAC,2013-12-29,2013.0,104.0
8503,SAS,BKN,2013-12-31,2013.0,92.0
8505,SAS,TOR,2013-12-23,2013.0,99.0
8511,SAS,IND,2013-12-07,2013.0,111.0
8517,SAS,GSW,2013-11-08,2013.0,74.0
8521,MEM,SAS,2014-01-07,2013.0,110.0
8529,DEN,SAS,2014-03-28,2013.0,133.0
8537,SAS,MIN,2013-12-13,2013.0,110.0
8540,SAS,OKC,2014-01-22,2013.0,111.0
8585,LAL,SAS,2013-11-01,2013.0,91.0
8592,LAC,SAS,2013-12-16,2013.0,92.0
8638,LAC,SAS,2014-02-18,2013.0,113.0
8664,SAS,MIL,2014-01-19,2013.0,82.0
8665,SAS,DEN,2014-03-26,2013.0,103.0
8667,SAS,MIN,2014-01-12,2013.0,86.0
8679,BOS,SAS,2014-02-12,2013.0,104.0
8680,UTA,SAS,2013-12-14,2013.0,100.0
8697,SAS,LAC,2014-01-04,2013.0,92.0
8698,SAS,LAL,2014-03-14,2013.0,85.0
8700,SAS,NOP,2013-11-25,2013.0,93.0
8702,SAS,POR,2014-03-12,2013.0,90.0
8703,SAS,UTA,2014-03-16,2013.0,104.0
8705,SAS,NYK,2014-01-02,2013.0,105.0
8706,SAS,CHI,2014-01-29,2013.0,96.0
8710,SAS,POR,2014-01-17,2013.0,109.0
8713,SAS,UTA,2014-01-15,2013.0,105.0
8715,SAS,NOP,2014-03-29,2013.0,80.0
8718,SAS,HOU,2013-11-30,2013.0,112.0
8741,TOR,SAS,2013-12-10,2013.0,116.0
8768,DET,SAS,2014-02-10,2013.0,100.0
8782,WAS,MIL,2014-04-12,2013.0,91.0
8783,WAS,PHX,2014-03-26,2013.0,99.0
8786,WAS,GSW,2014-01-05,2013.0,112.0
8792,WAS,OKC,2014-02-01,2013.0,81.0
8793,WAS,NOP,2014-02-22,2013.0,93.0
8798,WAS,ORL,2014-02-25,2013.0,106.0
8800,WAS,HOU,2014-01-11,2013.0,114.0
8801,WAS,ORL,2013-12-02,2013.0,80.0
8803,WAS,MIA,2014-01-15,2013.0,97.0
8804,WAS,BKN,2014-03-15,2013.0,94.0
8808,WAS,CHI,2014-01-17,2013.0,93.0
8809,WAS,CHA,2014-03-12,2013.0,98.0
8813,ATL,SAS,2014-01-24,2013.0,105.0
8814,WAS,IND,2014-03-28,2013.0,78.0
8816,WAS,SAC,2014-02-09,2013.0,84.0
8818,WAS,CLE,2014-02-07,2013.0,115.0
8822,WAS,CHI,2014-04-27,2013.0,89.0
8825,WAS,SAS,2014-02-05,2013.0,125.0
8826,WAS,CHI,2014-04-25,2013.0,100.0
8834,WAS,DAL,2014-01-01,2013.0,87.0
8837,WAS,POR,2014-02-03,2013.0,90.0
8839,SAC,SAS,2014-03-21,2013.0,99.0
8840,WAS,MIA,2014-04-14,2013.0,93.0
8841,WAS,TOR,2014-01-03,2013.0,101.0
8843,WAS,ATL,2014-03-29,2013.0,97.0
8846,WAS,UTA,2014-03-05,2013.0,91.0
8849,WAS,LAC,2013-12-14,2013.0,113.0
8852,GSW,SAS,2014-03-22,2013.0,99.0
8868,WAS,MEM,2014-03-03,2013.0,110.0
8871,DAL,SAS,2014-05-02,2013.0,111.0
8872,MIA,SAS,2014-06-12,2013.0,107.0
8873,MIA,SAS,2014-06-10,2013.0,111.0
8877,WAS,DEN,2013-12-09,2013.0,75.0
8878,GSW,SAS,2013-12-19,2013.0,104.0
8879,WAS,BOS,2014-01-22,2013.0,113.0
8883,HOU,SAS,2014-04-14,2013.0,98.0
8888,WAS,MIL,2013-12-06,2013.0,109.0
8898,WAS,DET,2014-01-18,2013.0,104.0
8899,WAS,PHI,2014-01-20,2013.0,99.0
8918,WAS,CHA,2014-04-09,2013.0,94.0
8922,WAS,CHI,2014-04-05,2013.0,96.0
8923,WAS,CLE,2013-11-16,2013.0,103.0
8924,WAS,PHI,2013-11-01,2013.0,109.0
8926,WAS,DET,2013-12-28,2013.0,82.0
8928,HOU,SAS,2014-01-28,2013.0,90.0
8929,WAS,BOS,2014-04-02,2013.0,92.0
8939,WAS,TOR,2014-02-18,2013.0,103.0
8947,SAS,CLE,2013-11-23,2013.0,96.0
8953,WAS,NYK,2013-11-23,2013.0,89.0
8989,WAS,MIN,2013-11-19,2013.0,100.0
8991,MIA,SAS,2014-01-26,2013.0,101.0
8994,WAS,BKN,2013-11-08,2013.0,108.0
9000,WAS,LAL,2013-11-26,2013.0,111.0
9002,WAS,ATL,2013-11-30,2013.0,101.0
9018,WAS,IND,2014-05-15,2013.0,93.0
9026,WAS,IND,2014-05-11,2013.0,95.0
9028,WAS,IND,2014-05-09,2013.0,85.0
9047,LAC,SAS,2015-05-02,2014.0,109.0
9051,CHI,SAS,2015-01-22,2014.0,81.0
9057,WAS,BKN,2015-02-07,2014.0,77.0
9063,WAS,ORL,2015-02-09,2014.0,80.0
9064,WAS,CHA,2015-02-02,2014.0,92.0
9066,WAS,CLE,2015-02-20,2014.0,127.0
9116,PHX,SAS,2014-10-31,2014.0,89.0
9118,WAS,DET,2015-02-28,2014.0,95.0
9119,TOR,SAS,2015-02-08,2014.0,82.0
9121,WAS,ATL,2015-05-09,2014.0,101.0
9127,LAC,SAS,2014-11-10,2014.0,89.0
9138,ATL,SAS,2015-03-22,2014.0,114.0
9151,PHX,SAS,2015-02-28,2014.0,101.0
9156,WAS,GSW,2015-02-24,2014.0,114.0
9157,WAS,ATL,2015-05-11,2014.0,106.0
9191,WAS,ATL,2015-05-15,2014.0,94.0
9215,DET,SAS,2015-02-11,2014.0,104.0
9257,NOP,SAS,2015-04-15,2014.0,103.0
9262,OKC,SAS,2015-04-07,2014.0,113.0
9266,NOP,SAS,2014-12-26,2014.0,90.0
9270,WAS,TOR,2015-04-26,2014.0,94.0
9283,GSW,SAS,2015-02-20,2014.0,99.0
9297,WAS,DEN,2014-12-05,2014.0,89.0
9338,HOU,SAS,2014-11-06,2014.0,81.0
9347,WAS,ATL,2015-04-12,2014.0,99.0
9372,UTA,SAS,2015-02-23,2014.0,81.0
9379,WAS,PHI,2015-04-01,2014.0,93.0
9382,WAS,NYK,2015-04-03,2014.0,87.0
9397,CHA,SAS,2015-01-14,2014.0,98.0
9417,UTA,SAS,2014-12-09,2014.0,96.0
9429,WAS,ATL,2015-05-09,2014.0,101.0
9432,GSW,SAS,2014-11-11,2014.0,113.0
9438,ORL,SAS,2015-04-01,2014.0,103.0
9447,IND,SAS,2015-02-09,2014.0,95.0
9466,NYK,SAS,2015-03-17,2014.0,100.0
9476,WAS,ATL,2015-05-15,2014.0,94.0
9484,WAS,ATL,2015-05-11,2014.0,106.0
9504,WAS,MIN,2014-12-16,2014.0,95.0
9506,WAS,UTA,2014-12-14,2014.0,84.0
9514,WAS,NOP,2014-11-29,2014.0,80.0
9515,WAS,HOU,2015-03-29,2014.0,99.0
9516,WAS,IND,2014-11-05,2014.0,94.0
9524,WAS,MIL,2014-11-01,2014.0,97.0
9532,WAS,IND,2015-03-25,2014.0,103.0
9533,WAS,CHA,2015-03-27,2014.0,107.0
9539,WAS,LAC,2014-12-12,2014.0,96.0
9540,WAS,POR,2015-03-16,2014.0,97.0
9559,WAS,TOR,2015-04-24,2014.0,99.0
9570,WAS,BOS,2014-12-08,2014.0,132.0
9575,WAS,LAL,2014-12-03,2014.0,95.0
9577,WAS,MIA,2014-12-01,2014.0,86.0
9604,WAS,BKN,2015-01-16,2014.0,102.0
9606,WAS,ORL,2014-11-15,2014.0,93.0
9613,WAS,SAS,2015-01-13,2014.0,93.0
9619,HOU,SAS,2015-04-10,2014.0,104.0
9624,PHI,SAS,2014-12-01,2014.0,109.0
9632,WAS,CHI,2015-01-09,2014.0,86.0
9635,WAS,DET,2014-11-12,2014.0,103.0
9642,WAS,ATL,2014-11-25,2014.0,106.0
9643,WAS,TOR,2015-01-31,2014.0,120.0
9648,WAS,BOS,2014-12-27,2014.0,88.0
9651,WAS,CHI,2014-12-23,2014.0,99.0
9652,WAS,NYK,2015-01-07,2014.0,91.0
9653,WAS,MIA,2015-03-06,2014.0,97.0
9655,WAS,MEM,2015-03-12,2014.0,87.0
9658,WAS,SAC,2015-03-14,2014.0,97.0
9661,WAS,PHX,2014-12-21,2014.0,104.0
9665,WAS,PHI,2015-01-19,2014.0,76.0
9674,WAS,OKC,2015-01-21,2014.0,105.0
9675,WAS,DAL,2014-11-19,2014.0,105.0
9681,WAS,CLE,2014-11-21,2014.0,78.0
9692,SAS,CLE,2015-03-12,2014.0,128.0
9697,SAS,MIN,2015-03-15,2014.0,97.0
9702,SAS,CHI,2015-03-08,2014.0,105.0
9710,SAS,BOS,2015-03-20,2014.0,89.0
9723,SAS,TOR,2015-03-10,2014.0,107.0
9728,SAS,BKN,2014-11-22,2014.0,87.0
9738,SAS,POR,2015-01-16,2014.0,96.0
9739,SAS,UTA,2015-01-18,2014.0,69.0
9742,SAS,PHI,2014-11-17,2014.0,75.0
9748,POR,SAS,2015-02-25,2014.0,95.0
9749,SAS,LAL,2015-01-23,2014.0,85.0
9755,SAS,MIL,2015-01-25,2014.0,95.0
9767,SAS,SAC,2015-03-04,2014.0,85.0
9775,SAS,DEN,2015-03-06,2014.0,111.0
9780,SAS,PHX,2015-01-09,2014.0,95.0
9797,SAS,LAL,2014-12-12,2014.0,112.0
9800,DEN,SAS,2015-01-20,2014.0,109.0
9801,SAS,CHA,2015-01-28,2014.0,86.0
9810,SAS,PHX,2015-04-12,2014.0,91.0
9825,SAS,NYK,2014-12-10,2014.0,95.0
9829,SAS,MIN,2014-12-06,2014.0,101.0
9833,SAS,NOP,2014-12-31,2014.0,93.0
9843,SAC,SAS,2014-11-15,2014.0,91.0
9855,SAS,ORL,2015-02-04,2014.0,103.0
9858,SAS,LAC,2015-01-31,2014.0,105.0
9859,MIN,SAS,2015-01-10,2014.0,108.0
9860,SAS,HOU,2014-12-28,2014.0,106.0
9862,SAS,IND,2014-11-26,2014.0,100.0
9863,SAS,OKC,2014-12-25,2014.0,114.0
9866,SAS,LAC,2014-12-22,2014.0,118.0
9868,SAS,SAC,2014-11-28,2014.0,104.0
9872,SAS,POR,2014-12-19,2014.0,129.0
9874,SAS,MEM,2014-12-17,2014.0,117.0
9892,SAS,DAL,2014-10-28,2014.0,100.0
9896,SAS,MIA,2015-02-06,2014.0,85.0
9924,MEM,SAS,2014-12-05,2014.0,107.0
9972,MIN,SAS,2014-11-21,2014.0,121.0
10001,SAS,NOP,2014-11-08,2014.0,100.0
10002,SAS,WAS,2015-01-03,2014.0,92.0
10017,SAS,DAL,2015-03-27,2014.0,76.0
10018,SAS,ATL,2014-11-05,2014.0,92.0
10019,SAS,MEM,2015-03-29,2014.0,89.0
10021,SAS,DET,2015-01-06,2014.0,105.0
10023,SAS,OKC,2015-03-25,2014.0,91.0
10038,MEM,SAS,2014-12-30,2014.0,87.0
10059,DAL,SAS,2014-12-20,2014.0,93.0
10095,CLE,SAS,2014-11-19,2014.0,92.0
10100,LAC,SAS,2015-02-19,2014.0,115.0
10149,SAC,SAS,2015-02-27,2014.0,107.0
10150,DAL,SAS,2015-03-24,2014.0,94.0
10213,LAL,SAS,2014-11-14,2014.0,93.0
10237,LAC,SAS,2015-04-22,2014.0,111.0
10243,LAC,SAS,2015-04-19,2014.0,92.0
10251,LAC,SAS,2015-05-02,2014.0,109.0
10252,LAC,SAS,2015-04-28,2014.0,111.0
10284,SAS,LAC,2015-04-26,2014.0,114.0
10290,SAS,LAC,2015-04-30,2014.0,102.0
10312,MIA,SAS,2015-03-31,2014.0,95.0
10337,POR,SAS,2014-12-15,2014.0,95.0
10341,MIL,SAS,2015-03-18,2014.0,114.0
10350,SAS,DEN,2015-04-03,2014.0,93.0
10351,BOS,SAS,2014-11-30,2014.0,111.0
10354,SAS,GSW,2015-04-05,2014.0,92.0
10357,SAS,HOU,2015-04-08,2014.0,98.0
10361,DEN,SAS,2014-12-14,2014.0,99.0
10365,SAS,LAC,2015-04-24,2014.0,73.0
10373,BKN,SAS,2014-12-03,2014.0,93.0
10377,WAS,CHI,2016-03-16,2015.0,96.0
10378,WAS,DEN,2016-01-28,2015.0,117.0
10381,WAS,IND,2016-03-05,2015.0,100.0
10385,WAS,SAS,2015-11-04,2015.0,99.0
10389,WAS,NYK,2015-10-31,2015.0,117.0
10393,WAS,DET,2016-03-14,2015.0,81.0
10394,WAS,NYK,2016-03-19,2015.0,89.0
10397,WAS,OKC,2015-11-10,2015.0,125.0
10401,WAS,BOS,2016-01-16,2015.0,119.0
10404,WAS,BOS,2016-01-25,2015.0,116.0
10405,WAS,MIA,2016-01-20,2015.0,87.0
10413,BKN,SAS,2016-01-11,2015.0,106.0
10414,WAS,TOR,2016-01-08,2015.0,97.0
10417,WAS,MIL,2016-01-13,2015.0,101.0
10419,WAS,POR,2016-01-18,2015.0,108.0
10423,WAS,MIN,2016-03-25,2015.0,132.0
10431,WAS,ATL,2016-03-23,2015.0,122.0
10446,WAS,GSW,2016-02-03,2015.0,134.0
10453,WAS,CLE,2016-02-28,2015.0,99.0
10454,WAS,PHI,2016-02-29,2015.0,108.0
10463,ATL,SAS,2015-12-12,2015.0,103.0
10478,WAS,PHI,2016-02-05,2015.0,94.0
10485,WAS,UTA,2016-02-18,2015.0,89.0
10488,WAS,DET,2016-02-19,2015.0,86.0
10498,WAS,NOP,2016-02-23,2015.0,89.0
10513,WAS,CHA,2016-04-10,2015.0,98.0
10519,SAC,SAS,2015-11-09,2015.0,106.0
10523,ORL,SAS,2016-02-10,2015.0,98.0
10525,WAS,MIL,2015-11-17,2015.0,86.0
10527,WAS,ORL,2015-11-14,2015.0,99.0
10528,WAS,BKN,2016-04-06,2015.0,103.0
10531,SAC,SAS,2016-02-24,2015.0,108.0
10534,POR,SAS,2015-11-11,2015.0,113.0
10542,WAS,CLE,2016-01-06,2015.0,121.0
10548,WAS,TOR,2015-11-28,2015.0,84.0
10550,WAS,ORL,2016-01-01,2015.0,91.0
10552,WAS,MIA,2016-01-03,2015.0,97.0
10553,WAS,IND,2015-11-24,2015.0,123.0
10557,WAS,ATL,2016-04-13,2015.0,98.0
10568,PHX,SAS,2016-01-21,2015.0,117.0
10591,PHI,SAS,2015-12-07,2015.0,119.0
10610,SAS,MIL,2015-12-02,2015.0,70.0
10612,SAS,OKC,2016-05-02,2015.0,98.0
10619,PHX,SAS,2016-02-21,2015.0,118.0
10621,SAS,LAL,2015-12-11,2015.0,87.0
10622,SAS,OKC,2016-04-30,2015.0,92.0
10623,SAS,GSW,2016-04-10,2015.0,92.0
10626,SAS,OKC,2016-04-12,2015.0,98.0
10628,SAS,MEM,2016-04-17,2015.0,74.0
10629,SAS,MEM,2016-04-19,2015.0,68.0
10651,BOS,SAS,2015-11-01,2015.0,95.0
10655,SAS,OKC,2016-05-10,2015.0,95.0
10694,TOR,SAS,2015-12-09,2015.0,94.0
10724,CHA,SAS,2016-03-21,2015.0,88.0
10756,SAS,TOR,2016-04-02,2015.0,95.0
10757,SAS,BKN,2015-10-30,2015.0,75.0
10758,SAS,CLE,2016-01-14,2015.0,95.0
10759,SAS,NYK,2016-01-08,2015.0,99.0
10763,UTA,SAS,2016-04-05,2015.0,88.0
10765,SAS,DAL,2016-01-17,2015.0,83.0
10772,SAS,LAC,2015-12-18,2015.0,107.0
10775,SAS,WAS,2015-12-16,2015.0,95.0
10792,SAS,MEM,2015-11-21,2015.0,82.0
10793,SAS,UTA,2016-01-06,2015.0,98.0
10794,SAS,HOU,2016-01-02,2015.0,103.0
10808,WAS,SAC,2015-12-21,2015.0,99.0
10811,WAS,MEM,2015-12-23,2015.0,91.0
10813,WAS,CHA,2015-12-19,2015.0,101.0
10815,WAS,LAL,2015-12-02,2015.0,108.0
10820,WAS,PHX,2015-12-04,2015.0,106.0
10823,WAS,DAL,2015-12-06,2015.0,116.0
10824,WAS,HOU,2015-12-09,2015.0,109.0
10825,WAS,LAC,2015-12-28,2015.0,108.0
10828,SAS,CHA,2015-11-07,2015.0,94.0
10830,SAS,IND,2015-12-21,2015.0,92.0
10831,SAS,POR,2015-11-16,2015.0,80.0
10834,SAS,UTA,2015-12-14,2015.0,81.0
10840,SAS,PHI,2015-11-14,2015.0,83.0
10847,SAS,DEN,2015-11-18,2015.0,98.0
10853,SAS,HOU,2016-01-27,2015.0,99.0
10859,SAS,MIN,2015-12-28,2015.0,95.0
10867,SAS,ATL,2015-11-28,2015.0,88.0
10869,SAS,PHX,2015-11-23,2015.0,84.0
10872,SAS,MIA,2016-03-23,2015.0,88.0
10873,UTA,SAS,2016-02-25,2015.0,96.0
10875,SAS,GSW,2016-03-19,2015.0,79.0
10876,SAS,POR,2016-03-17,2015.0,110.0
10877,SAS,DAL,2015-11-25,2015.0,83.0
10884,SAS,BOS,2015-12-05,2015.0,105.0
10887,SAS,MEM,2016-03-25,2015.0,104.0
10893,SAS,DEN,2015-12-26,2015.0,86.0
10896,SAS,NOP,2016-03-30,2015.0,92.0
10901,SAS,ORL,2016-02-01,2015.0,92.0
10904,SAS,LAC,2016-03-15,2015.0,87.0
10920,SAS,PHX,2015-12-30,2015.0,79.0
10935,SAS,OKC,2016-03-12,2015.0,85.0
10938,SAS,CHI,2016-03-10,2015.0,101.0
10940,SAS,SAC,2016-03-05,2015.0,94.0
10947,SAS,DET,2016-03-02,2015.0,81.0
10951,SAS,NOP,2016-02-03,2015.0,97.0
10953,SAS,LAL,2016-02-06,2015.0,102.0
10976,MEM,SAS,2015-12-03,2015.0,103.0
11005,LAL,SAS,2016-02-19,2015.0,119.0
11047,NOP,SAS,2015-11-20,2015.0,90.0
11054,DEN,SAS,2016-04-08,2015.0,98.0
11055,DEN,SAS,2015-11-27,2015.0,91.0
11056,MEM,SAS,2016-04-24,2015.0,116.0
11057,MEM,SAS,2016-04-22,2015.0,96.0
11147,LAC,SAS,2016-02-18,2015.0,86.0
11167,LAL,SAS,2016-01-22,2015.0,108.0
11190,DET,SAS,2016-01-12,2015.0,109.0
11262,MIN,SAS,2016-03-08,2015.0,116.0
11265,DAL,SAS,2016-02-05,2015.0,116.0
11280,DAL,SAS,2016-04-13,2015.0,96.0
11327,MIL,SAS,2016-01-04,2015.0,123.0
11345,MIA,SAS,2016-02-09,2015.0,119.0
11361,CLE,SAS,2016-01-30,2015.0,103.0
11365,NOP,SAS,2016-03-03,2015.0,94.0
11375,MEM,SAS,2016-03-28,2015.0,101.0
11393,MIN,SAS,2015-12-23,2015.0,108.0
11460,GSW,SAS,2016-01-25,2015.0,90.0
11472,OKC,SAS,2016-03-26,2015.0,92.0
11476,CHI,SAS,2015-11-30,2015.0,89.0
11516,IND,SAS,2016-03-07,2015.0,91.0
11529,HOU,SAS,2016-02-27,2015.0,104.0
11549,HOU,SAS,2015-12-25,2015.0,84.0
11594,OKC,SAS,2015-10-28,2015.0,106.0
11637,GSW,SAS,2016-04-07,2015.0,101.0
11657,OKC,SAS,2016-05-12,2015.0,99.0
11658,OKC,SAS,2016-05-06,2015.0,100.0
11660,OKC,SAS,2016-05-08,2015.0,97.0
11682,NYK,SAS,2015-11-02,2015.0,94.0
11692,MIA,SAS,2016-10-30,2016.0,106.0
11714,WAS,POR,2017-01-16,2016.0,101.0
11718,WAS,CHI,2017-01-10,2016.0,99.0
11724,ATL,SAS,2017-01-01,2016.0,112.0
11729,DEN,SAS,2017-01-05,2016.0,127.0
11733,WAS,ORL,2017-03-05,2016.0,114.0
11765,WAS,MIN,2017-01-06,2016.0,105.0
11789,BOS,SAS,2016-11-25,2016.0,109.0
11793,WAS,IND,2016-12-28,2016.0,105.0
11794,WAS,BOS,2016-11-09,2016.0,93.0
11795,WAS,MIL,2016-12-26,2016.0,102.0
11796,WAS,CLE,2016-11-11,2016.0,105.0
11801,DAL,SAS,2017-04-07,2016.0,102.0
11803,WAS,BKN,2016-12-30,2016.0,95.0
11808,WAS,SAC,2016-11-28,2016.0,95.0
11812,WAS,DET,2016-12-16,2016.0,108.0
11813,WAS,TOR,2016-11-02,2016.0,113.0
11816,WAS,LAC,2016-12-18,2016.0,110.0
11823,WAS,NYK,2017-01-31,2016.0,101.0
11824,WAS,HOU,2016-11-07,2016.0,114.0
11825,SAS,MEM,2017-04-17,2016.0,82.0
11826,WAS,ATL,2016-11-04,2016.0,92.0
11828,WAS,BOS,2017-01-24,2016.0,108.0
11850,WAS,MEM,2017-01-18,2016.0,101.0
11853,WAS,MIA,2016-11-19,2016.0,114.0
11861,WAS,PHX,2016-11-21,2016.0,101.0
11862,WAS,NYK,2016-11-17,2016.0,112.0
11872,POR,SAS,2016-12-23,2016.0,110.0
11884,WAS,OKC,2017-02-13,2016.0,98.0
11900,DAL,SAS,2016-11-30,2016.0,94.0
11901,HOU,SAS,2017-05-07,2016.0,104.0
11907,HOU,SAS,2017-05-11,2016.0,114.0
11909,WAS,ATL,2017-03-22,2016.0,100.0
11913,WAS,BKN,2017-03-24,2016.0,108.0
11916,BKN,SAS,2017-01-23,2016.0,112.0
11925,WAS,DAL,2017-03-15,2016.0,112.0
11928,GSW,SAS,2017-05-16,2016.0,100.0
11931,WAS,UTA,2017-02-26,2016.0,102.0
11932,WAS,GSW,2017-02-28,2016.0,108.0
11944,WAS,TOR,2017-03-03,2016.0,114.0
11955,WAS,CHI,2017-03-17,2016.0,107.0
11971,SAC,SAS,2016-10-27,2016.0,102.0
11974,MIL,SAS,2016-12-05,2016.0,97.0
11987,WAS,SAS,2016-11-26,2016.0,112.0
12016,GSW,SAS,2016-10-25,2016.0,129.0
12033,WAS,CLE,2017-02-06,2016.0,140.0
12036,WAS,IND,2017-02-10,2016.0,107.0
12048,POR,SAS,2017-04-10,2016.0,98.0
12050,SAC,SAS,2016-11-16,2016.0,110.0
12053,WAS,NOP,2017-02-04,2016.0,91.0
12057,GSW,SAS,2017-05-14,2016.0,111.0
12058,WAS,LAL,2017-02-02,2016.0,108.0
12059,HOU,SAS,2016-12-20,2016.0,102.0
12065,WAS,PHI,2017-01-14,2016.0,93.0
12126,LAC,SAS,2017-02-24,2016.0,105.0
12224,LAC,SAS,2016-12-22,2016.0,101.0
12229,UTA,SAS,2016-11-04,2016.0,100.0
12232,DET,SAS,2017-02-10,2016.0,103.0
12241,IND,SAS,2017-02-13,2016.0,110.0
12281,UTA,SAS,2017-04-12,2016.0,97.0
12290,TOR,SAS,2017-01-24,2016.0,108.0
12310,SAS,GSW,2017-05-22,2016.0,129.0
12313,SAS,SAC,2017-03-08,2016.0,104.0
12314,HOU,SAS,2016-11-12,2016.0,106.0
12317,SAS,HOU,2017-03-06,2016.0,110.0
12322,SAS,MIN,2017-03-04,2016.0,90.0
12335,SAS,GSW,2017-03-29,2016.0,110.0
12346,MEM,SAS,2017-02-06,2016.0,74.0
12360,SAS,SAC,2017-03-19,2016.0,102.0
12364,SAS,POR,2017-03-15,2016.0,110.0
12367,SAS,ATL,2017-03-13,2016.0,99.0
12369,SAS,GSW,2017-03-11,2016.0,85.0
12372,SAS,CLE,2017-03-27,2016.0,74.0
12375,WAS,BOS,2017-05-07,2016.0,102.0
12376,WAS,BOS,2017-05-12,2016.0,91.0
12379,WAS,ATL,2017-04-19,2016.0,101.0
12380,WAS,ATL,2017-04-16,2016.0,107.0
12382,SAS,MEM,2017-04-04,2016.0,89.0
12385,WAS,CHA,2017-04-04,2016.0,111.0
12386,SAS,LAL,2017-04-05,2016.0,102.0
12387,WAS,MIA,2017-04-08,2016.0,106.0
12388,SAS,HOU,2017-05-03,2016.0,96.0
12389,SAS,HOU,2017-05-09,2016.0,107.0
12390,SAS,HOU,2017-05-01,2016.0,126.0
12392,SAS,MEM,2017-04-25,2016.0,103.0
12393,WAS,CHA,2016-12-14,2016.0,106.0
12394,WAS,MIL,2016-12-10,2016.0,105.0
12395,WAS,DEN,2016-12-08,2016.0,85.0
12396,WAS,ORL,2016-12-06,2016.0,124.0
12398,SAS,GSW,2017-05-20,2016.0,120.0
12400,SAS,MEM,2017-04-15,2016.0,82.0
12402,WAS,ATL,2017-04-26,2016.0,99.0
12406,SAS,NYK,2017-03-25,2016.0,98.0
12409,SAS,MEM,2017-03-23,2016.0,90.0
12412,MEM,SAS,2017-03-18,2016.0,96.0
12413,SAS,LAC,2017-04-08,2016.0,98.0
12425,SAS,UTA,2017-04-02,2016.0,103.0
12432,MEM,SAS,2017-04-20,2016.0,94.0
12434,HOU,SAS,2017-05-05,2016.0,103.0
12435,SAS,MIL,2017-01-10,2016.0,109.0
12436,SAS,UTA,2016-11-01,2016.0,106.0
12437,SAS,BKN,2016-12-10,2016.0,101.0
12442,SAS,DAL,2017-01-29,2016.0,105.0
12443,SAS,LAL,2017-01-12,2016.0,94.0
12449,SAS,DET,2016-11-11,2016.0,86.0
12452,SAS,CHI,2016-12-25,2016.0,100.0
12456,SAS,PHX,2016-12-28,2016.0,98.0
12457,SAS,MIA,2016-11-14,2016.0,90.0
12460,SAS,TOR,2017-01-03,2016.0,82.0
12461,SAS,POR,2016-12-30,2016.0,94.0
12462,SAS,WAS,2016-12-02,2016.0,105.0
12463,SAS,LAC,2016-11-05,2016.0,116.0
12464,SAS,OKC,2017-01-31,2016.0,94.0
12473,LAL,SAS,2016-11-18,2016.0,116.0
12486,SAS,ORL,2016-11-29,2016.0,95.0
12489,SAS,BOS,2016-12-14,2016.0,101.0
12494,SAS,NOP,2016-12-18,2016.0,100.0
12495,SAS,NOP,2016-10-29,2016.0,79.0
12500,SAS,IND,2017-03-01,2016.0,99.0
12520,MEM,SAS,2017-04-27,2016.0,103.0
12522,MEM,SAS,2017-04-22,2016.0,108.0
12525,SAS,PHI,2017-02-02,2016.0,86.0
12528,SAS,MIN,2017-01-17,2016.0,114.0
12530,SAS,HOU,2016-11-09,2016.0,101.0
12531,SAS,DEN,2017-01-19,2016.0,104.0
12532,SAS,DAL,2016-11-21,2016.0,91.0
12538,SAS,CHA,2017-01-07,2016.0,85.0
12544,LAL,SAS,2017-02-26,2016.0,119.0
12548,SAS,DEN,2017-02-04,2016.0,97.0
12556,WAS,BOS,2017-05-04,2016.0,89.0
12576,MIN,SAS,2016-12-06,2016.0,105.0
12617,PHX,SAS,2016-12-15,2016.0,107.0
12626,CHA,SAS,2016-11-23,2016.0,119.0
12650,NYK,SAS,2017-02-12,2016.0,90.0
12658,CHI,SAS,2016-12-08,2016.0,91.0
12667,NOP,SAS,2017-03-03,2016.0,101.0
12732,PHX,SAS,2017-01-14,2016.0,105.0
12747,CLE,SAS,2017-01-21,2016.0,118.0
12752,MIN,SAS,2017-03-21,2016.0,100.0
12846,OKC,SAS,2017-03-09,2016.0,92.0
12867,PHI,SAS,2017-02-08,2016.0,111.0
12893,ORL,SAS,2017-02-15,2016.0,107.0
12915,NOP,SAS,2017-01-27,2016.0,103.0
12962,OKC,SAS,2017-03-31,2016.0,100.0
13083,NYK,SAS,2018-01-02,2017.0,100.0
13095,SAS,ORL,2018-03-13,2017.0,72.0
13098,SAS,BOS,2017-12-08,2017.0,102.0
13099,SAS,LAC,2017-11-07,2017.0,107.0
13101,SAS,MIA,2017-12-06,2017.0,105.0
13103,SAS,IND,2018-01-21,2017.0,94.0
13115,SAS,ATL,2017-11-20,2017.0,85.0
13119,SAS,SAC,2018-04-09,2017.0,85.0
13120,SAS,CLE,2018-01-23,2017.0,102.0
13124,SAS,MEM,2018-03-05,2017.0,98.0
13127,SAS,DAL,2017-11-27,2017.0,108.0
13128,PHI,SAS,2018-01-03,2017.0,106.0
13130,SAS,DEN,2018-01-30,2017.0,104.0
13132,SAS,SAC,2018-01-28,2017.0,98.0
13136,SAS,LAC,2017-12-18,2017.0,91.0
13138,SAS,GSW,2018-04-22,2017.0,90.0
13141,SAS,OKC,2018-03-29,2017.0,99.0
13142,SAS,GSW,2018-04-19,2017.0,110.0
13143,SAS,MEM,2017-11-29,2017.0,95.0
13146,SAS,PHX,2017-11-05,2017.0,95.0
13158,SAS,HOU,2018-04-01,2017.0,83.0
13159,SAS,CHI,2017-11-11,2017.0,94.0
13163,NOP,SAS,2017-11-22,2017.0,90.0
13179,SAS,WAS,2018-03-21,2017.0,90.0
13181,SAS,MIN,2018-03-17,2017.0,101.0
13183,SAS,GSW,2018-03-19,2017.0,75.0
13186,NOP,SAS,2018-04-11,2017.0,98.0
13187,SAS,POR,2018-04-07,2017.0,105.0
13188,SAS,OKC,2017-11-17,2017.0,101.0
13190,SAS,PHX,2018-01-05,2017.0,89.0
13191,CHA,SAS,2017-11-25,2017.0,106.0
13192,SAS,LAL,2018-03-03,2017.0,116.0
13193,DEN,SAS,2018-02-23,2017.0,119.0
13195,SAS,DAL,2017-12-16,2017.0,96.0
13196,SAS,BKN,2017-12-26,2017.0,97.0
13201,SAS,UTA,2018-03-23,2017.0,120.0
13210,SAS,NYK,2017-12-28,2017.0,107.0
13222,BOS,SAS,2017-10-30,2017.0,94.0
13249,LAL,SAS,2018-04-04,2017.0,112.0
13262,TOR,SAS,2018-01-19,2017.0,83.0
13279,LAL,SAS,2018-01-11,2017.0,81.0
13286,DET,SAS,2017-12-30,2017.0,79.0
13287,SAS,PHI,2018-01-26,2017.0,97.0
13288,SAS,NOP,2018-03-15,2017.0,93.0
13289,SAS,DEN,2018-01-13,2017.0,80.0
13290,SAS,MIL,2017-11-10,2017.0,94.0
13291,SAS,DET,2017-12-04,2017.0,93.0
13330,WAS,MEM,2017-12-13,2017.0,87.0
13333,WAS,LAC,2017-12-15,2017.0,91.0
13336,WAS,CLE,2017-12-17,2017.0,106.0
13337,WAS,NOP,2017-12-19,2017.0,106.0
13346,WAS,TOR,2018-02-01,2017.0,119.0
13348,WAS,BOS,2018-02-08,2017.0,110.0
13350,WAS,CHA,2018-02-23,2017.0,122.0
13354,WAS,POR,2017-11-25,2017.0,108.0
13355,WAS,CHA,2018-03-31,2017.0,93.0
13363,WAS,ORL,2017-12-23,2017.0,103.0
13365,WAS,TOR,2018-04-27,2017.0,102.0
13366,WAS,TOR,2018-03-02,2017.0,102.0
13367,WAS,TOR,2018-04-22,2017.0,98.0
13368,WAS,PHI,2018-02-25,2017.0,94.0
13369,WAS,IND,2018-03-04,2017.0,98.0
13370,WAS,TOR,2018-04-20,2017.0,103.0
13372,WAS,MIN,2018-03-13,2017.0,116.0
13373,WAS,HOU,2017-12-29,2017.0,103.0
13375,WAS,IND,2018-03-17,2017.0,102.0
13376,WAS,CHI,2017-12-31,2017.0,110.0
13377,WAS,BOS,2018-04-10,2017.0,101.0
13378,WAS,DEN,2018-03-23,2017.0,108.0
13379,WAS,ATL,2018-04-06,2017.0,103.0
13380,WAS,NYK,2018-03-25,2017.0,101.0
13381,WAS,SAS,2018-03-27,2017.0,106.0
13382,WAS,MIA,2018-03-06,2017.0,113.0
13383,WAS,GSW,2018-02-28,2017.0,109.0
13390,HOU,SAS,2018-03-12,2017.0,93.0
13397,HOU,SAS,2017-12-15,2017.0,109.0
13403,GSW,SAS,2018-04-14,2017.0,92.0
13409,GSW,SAS,2018-04-16,2017.0,101.0
13414,GSW,SAS,2018-04-24,2017.0,91.0
13417,WAS,DET,2017-10-20,2017.0,111.0
13418,WAS,PHI,2017-10-18,2017.0,115.0
13424,WAS,MIA,2017-11-17,2017.0,91.0
13425,WAS,SAC,2017-11-13,2017.0,92.0
13426,WAS,ATL,2017-11-11,2017.0,94.0
13429,WAS,LAL,2017-11-09,2017.0,95.0
13430,WAS,DAL,2017-11-07,2017.0,113.0
13433,WAS,CLE,2017-11-03,2017.0,130.0
13434,WAS,PHX,2017-11-01,2017.0,122.0
13440,WAS,ORL,2018-01-12,2017.0,119.0
13446,WAS,NYK,2018-01-03,2017.0,103.0
13447,WAS,MIL,2018-01-06,2017.0,110.0
13448,WAS,UTA,2018-01-10,2017.0,107.0
13464,ATL,SAS,2018-01-15,2017.0,99.0
13474,GSW,SAS,2018-03-08,2017.0,107.0
13484,WAS,MIL,2018-01-15,2017.0,104.0
13485,WAS,OKC,2018-01-30,2017.0,96.0
13492,OKC,SAS,2017-12-03,2017.0,87.0
13496,WAS,BKN,2018-01-13,2017.0,113.0
13501,WAS,DET,2017-12-01,2017.0,91.0
13529,OKC,SAS,2018-03-10,2017.0,94.0
13530,CHI,SAS,2017-10-21,2017.0,87.0
13645,LAC,SAS,2018-04-03,2017.0,110.0
13682,UTA,SAS,2018-02-12,2017.0,99.0
13715,ORL,SAS,2017-10-27,2017.0,87.0
13745,GSW,SAS,2018-02-10,2017.0,105.0
13766,IND,SAS,2017-10-29,2017.0,94.0
13793,UTA,SAS,2017-12-21,2017.0,89.0
13865,MIN,SAS,2017-11-15,2017.0,86.0
13868,SAC,SAS,2017-12-23,2017.0,108.0
13897,SAS,GSW,2017-11-02,2017.0,112.0
13900,SAS,CHA,2017-11-03,2017.0,101.0
13910,POR,SAS,2018-01-07,2017.0,110.0
13913,POR,SAS,2017-12-20,2017.0,93.0
13921,MIL,SAS,2018-03-25,2017.0,103.0
13974,CLE,SAS,2018-02-25,2017.0,110.0
13989,SAC,SAS,2018-01-08,2017.0,107.0
14017,MIA,SAS,2017-10-25,2017.0,117.0
14037,BKN,SAS,2018-01-17,2017.0,100.0
14079,PHX,SAS,2017-12-09,2017.0,104.0
14107,PHX,SAS,2018-02-07,2017.0,129.0
14113,SAS,MIN,2017-10-18,2017.0,99.0
14136,DAL,SAS,2017-12-12,2017.0,89.0
14137,SAS,HOU,2018-02-01,2017.0,102.0
14153,DAL,SAS,2017-11-14,2017.0,97.0
14232,SAS,UTA,2018-02-03,2017.0,120.0
14243,DEN,SAS,2018-02-13,2017.0,109.0
14246,MEM,SAS,2018-01-24,2017.0,108.0
14248,SAS,NOP,2018-02-28,2017.0,121.0
14274,SAS,TOR,2017-10-23,2017.0,97.0
14292,MEM,SAS,2017-12-01,2017.0,95.0
14325,POR,SAS,2018-10-20,2018.0,108.0
14356,PHX,SAS,2018-11-14,2018.0,96.0
14398,OKC,SAS,2019-01-12,2018.0,112.0
14402,UTA,SAS,2018-12-04,2018.0,105.0
14425,UTA,SAS,2019-02-09,2018.0,105.0
14428,ORL,SAS,2018-12-19,2018.0,129.0
14431,WAS,SAS,2019-04-05,2018.0,129.0
14447,WAS,BOS,2019-04-09,2018.0,116.0
14465,WAS,CHI,2019-04-03,2018.0,115.0
14498,WAS,IND,2019-02-23,2018.0,119.0
14509,CHI,SAS,2018-11-26,2018.0,108.0
14528,IND,SAS,2018-11-23,2018.0,111.0
14552,DAL,SAS,2019-03-12,2018.0,112.0
14555,MIL,SAS,2018-11-24,2018.0,129.0
14565,WAS,NOP,2018-11-24,2018.0,114.0
14567,WAS,LAC,2018-11-20,2018.0,118.0
14569,WAS,OKC,2018-11-02,2018.0,134.0
14571,WAS,NYK,2018-11-04,2018.0,95.0
14572,WAS,BKN,2018-11-16,2018.0,115.0
14573,WAS,CLE,2018-11-14,2018.0,95.0
14574,WAS,ORL,2018-11-12,2018.0,109.0
14576,HOU,SAS,2018-12-22,2018.0,101.0
14579,WAS,POR,2018-11-18,2018.0,119.0
14581,HOU,SAS,2019-03-22,2018.0,105.0
14600,WAS,HOU,2018-11-26,2018.0,131.0
14610,GSW,SAS,2019-02-06,2018.0,102.0
14612,WAS,DET,2019-01-21,2018.0,87.0
14614,WAS,GSW,2019-01-24,2018.0,126.0
14637,WAS,CHI,2018-12-28,2018.0,101.0
14643,BKN,SAS,2019-02-25,2018.0,85.0
14649,WAS,CHA,2018-12-29,2018.0,126.0
14662,WAS,NYK,2019-01-17,2018.0,100.0
14664,WAS,TOR,2019-01-13,2018.0,140.0
14666,WAS,MIL,2019-01-11,2018.0,106.0
14667,WAS,PHI,2019-01-09,2018.0,106.0
14668,WAS,ATL,2019-01-02,2018.0,98.0
14669,WAS,PHX,2018-12-22,2018.0,146.0
14670,WAS,BKN,2018-12-01,2018.0,88.0
14671,WAS,BOS,2018-12-12,2018.0,130.0
14672,WAS,LAL,2018-12-16,2018.0,110.0
14697,POR,SAS,2019-02-07,2018.0,118.0
14701,WAS,MIN,2019-03-03,2018.0,121.0
14745,WAS,ATL,2019-02-04,2018.0,137.0
14752,WAS,MIL,2019-02-02,2018.0,131.0
14764,WAS,CLE,2019-02-08,2018.0,106.0
14786,MIN,SAS,2018-11-28,2018.0,89.0
14792,WAS,DAL,2019-03-06,2018.0,123.0
14794,DAL,SAS,2019-01-16,2018.0,105.0
14798,WAS,DEN,2019-03-21,2018.0,113.0
14821,WAS,TOR,2018-10-20,2018.0,117.0
14822,WAS,SAC,2019-03-11,2018.0,115.0
14824,WAS,MIA,2018-10-18,2018.0,113.0
14825,WAS,ORL,2019-03-13,2018.0,90.0
14827,WAS,UTA,2019-03-18,2018.0,116.0
14830,WAS,CHA,2019-03-15,2018.0,116.0
14833,WAS,MEM,2019-03-16,2018.0,128.0
14834,ATL,SAS,2019-03-06,2018.0,111.0
14841,WAS,MIA,2019-03-23,2018.0,113.0
14842,MIN,SAS,2019-01-18,2018.0,116.0
14856,WAS,IND,2019-01-30,2018.0,89.0
14865,SAS,DEN,2019-04-25,2018.0,103.0
14870,SAS,NYK,2019-03-15,2018.0,83.0
14898,SAS,OKC,2019-01-10,2018.0,147.0
14903,SAS,GSW,2019-03-18,2018.0,105.0
14917,SAS,DAL,2019-04-10,2018.0,94.0
14931,SAS,MEM,2019-01-05,2018.0,88.0
14933,SAS,POR,2018-12-02,2018.0,118.0
14943,SAS,DEN,2019-04-20,2018.0,117.0
14944,SAS,DEN,2019-04-18,2018.0,108.0
14946,DEN,SAS,2018-12-28,2018.0,99.0
14951,SAS,POR,2019-03-16,2018.0,103.0
14952,SAS,TOR,2019-01-03,2018.0,107.0
14956,TOR,SAS,2019-02-22,2018.0,117.0
14990,CHA,SAS,2019-03-26,2018.0,116.0
15017,DEN,SAS,2019-04-13,2018.0,101.0
15041,LAL,SAS,2018-10-22,2018.0,143.0
15053,SAS,HOU,2018-11-10,2018.0,89.0
15054,SAS,IND,2018-10-24,2018.0,116.0
15055,SAS,LAL,2018-10-27,2018.0,106.0
15056,SAS,ORL,2018-11-04,2018.0,117.0
15059,SAS,HOU,2018-11-30,2018.0,136.0
15064,SAS,DET,2019-02-27,2018.0,93.0
15065,SAS,BOS,2018-12-31,2018.0,111.0
15077,SAS,OKC,2019-03-02,2018.0,102.0
15081,SAS,ATL,2019-04-02,2018.0,111.0
15082,SAS,MEM,2018-11-21,2018.0,104.0
15084,SAS,NOP,2019-02-02,2018.0,108.0
15091,DET,SAS,2019-01-07,2018.0,119.0
15093,SAS,NOP,2018-11-03,2018.0,95.0
15094,SAS,DAL,2018-10-29,2018.0,108.0
15095,SAS,GSW,2018-11-18,2018.0,92.0
15098,SAS,MIL,2019-03-10,2018.0,114.0
15102,SAS,CHI,2018-12-15,2018.0,98.0
15104,SAS,PHI,2018-12-17,2018.0,96.0
15107,SAS,MIN,2018-12-21,2018.0,98.0
15109,SAS,LAC,2018-12-13,2018.0,87.0
15112,SAS,DEN,2018-12-26,2018.0,103.0
15125,MEM,SAS,2019-01-09,2018.0,86.0
15128,DEN,SAS,2019-04-03,2018.0,85.0
15133,SAS,PHX,2018-12-11,2018.0,86.0
15134,SAS,LAL,2018-12-07,2018.0,120.0
15137,SAS,DEN,2019-03-04,2018.0,103.0
15140,DEN,SAS,2019-04-27,2018.0,86.0
15142,SAS,MIN,2018-10-17,2018.0,108.0
15144,SAS,UTA,2018-12-09,2018.0,97.0
15145,DEN,SAS,2019-04-16,2018.0,105.0
15154,NOP,SAS,2019-01-26,2018.0,126.0
15159,SAS,LAC,2019-01-20,2018.0,103.0
15164,NOP,SAS,2018-11-19,2018.0,126.0
15174,SAS,SAC,2019-03-31,2018.0,113.0
15176,SAS,BKN,2019-01-31,2018.0,114.0
15186,SAS,CLE,2019-03-28,2018.0,110.0
15196,LAL,SAS,2018-12-05,2018.0,113.0
15198,MEM,SAS,2019-02-12,2018.0,108.0
15217,SAS,CHA,2019-01-14,2018.0,108.0
15220,SAS,PHX,2019-01-29,2018.0,124.0
15221,SAS,MIA,2019-03-20,2018.0,110.0
15240,SAS,WAS,2019-01-27,2018.0,119.0
15362,CLE,SAS,2019-04-07,2018.0,112.0
15378,SAC,SAS,2019-02-04,2018.0,112.0
15442,LAC,SAS,2018-12-29,2018.0,122.0
15496,PHI,SAS,2019-01-23,2018.0,120.0
15524,PHX,SAS,2018-10-31,2018.0,120.0
15548,LAC,SAS,2018-11-15,2018.0,111.0
15550,NYK,SAS,2019-02-24,2018.0,118.0
15572,SAC,SAS,2018-11-12,2018.0,99.0
15576,DEN,SAS,2019-04-23,2018.0,90.0
15584,BOS,SAS,2019-03-24,2018.0,115.0
15613,MIA,SAS,2018-11-07,2018.0,88.0
15635,OKC,SAS,2009-03-16,2008.0,76.0
15677,WAS,OKC,2008-12-27,2008.0,95.0
15678,SAS,OKC,2008-12-14,2008.0,104.0
15693,SAS,BKN,2012-12-31,2012.0,73.0
15707,BKN,SAS,2013-02-10,2012.0,111.0
15730,WAS,BKN,2013-01-04,2012.0,115.0
15767,NOP,SAS,2014-01-13,2013.0,101.0
15792,SAS,NOP,2013-11-25,2013.0,93.0
15793,WAS,NOP,2014-02-22,2013.0,93.0
